GEO.display-label,GEO.id,HC01_VC85,HD01_VD01,HC01_VC73,HC01_VC72,HC01_VC74,HC01_VC75,HC01_VC156,HC01_VC76,GEO.id2,HD02_VD01,HC01_VC38,HC01_VC77
"Baldwin County, Alabama",0500000US01003,47502,176100,18068,162119,2360,1740,0,0,1003,9484,183195,1819
"Calhoun County, Alabama",0500000US01015,36675,102500,25510,89517,972,1086,0,0,1015,8268,118510,2799
"Cullman County, Alabama",0500000US01043,35786,87000,1596,77999,863,0,0,0,1043,6443,80459,966
"DeKalb County, Alabama",0500000US01049,35967,86600,2158,66804,2182,0,0,0,1049,9306,71151,0
"Elmore County, Alabama",0500000US01051,52222,147000,16499,61869,858,817,0,0,1051,9054,79549,1054
"Etowah County, Alabama",0500000US01055,35897,91700,17009,86707,952,419,0,0,1055,12646,104462,0
"Houston County, Alabama",0500000US01069,38579,125300,27100,73192,857,1094,0,0,1069,8711,101888,1537
"Jefferson County, Alabama",0500000US01073,41583,141500,279939,357705,3349,10915,0,0,1073,3691,658555,11554
"Lauderdale County, Alabama",0500000US01077,38661,110100,9219,81714,1821,844,0,0,1077,7352,92679,0
"Lee County, Alabama",0500000US01081,39381,151900,32995,103344,819,4133,0,222,1081,9106,140780,644
"Limestone County, Alabama",0500000US01083,50325,125700,11074,68362,1011,1225,0,0,1083,15756,83193,2235
"Madison County, Alabama",0500000US01089,53539,168200,83936,240993,5313,10094,0,422,1089,4864,335988,3550
"Marshall County, Alabama",0500000US01095,39343,110100,1904,88120,1272,591,0,0,1095,12254,93235,2682
"Mobile County, Alabama",0500000US01097,39998,131800,145819,254992,6213,8616,0,0,1097,4737,413277,2229
"Montgomery County, Alabama",0500000US01101,41946,129300,127575,94850,1721,5484,0,0,1101,6335,229844,3762
"Morgan County, Alabama",0500000US01103,45513,128200,15164,102774,2555,956,0,0,1103,8225,119626,1139
"St. Clair County, Alabama",0500000US01115,48316,129500,8731,74428,415,629,0,0,1115,15928,83761,0
"Shelby County, Alabama",0500000US01117,65673,196300,21746,164767,1065,4423,0,0,1117,7228,195828,6487
"Talladega County, Alabama",0500000US01121,34488,98700,26990,54950,334,0,0,0,1121,11203,82110,277
"Tuscaloosa County, Alabama",0500000US01125,43450,154700,59185,132870,821,2875,0,0,1125,6564,195036,1856
"Walker County, Alabama",0500000US01127,35150,78500,3875,62099,1956,0,0,0,1127,12619,66947,0
"Anchorage Municipality, Alaska",0500000US02020,72128,282200,22785,215660,35491,30662,0,8194,2020,7203,293227,6118
"Fairbanks North Star Borough, Alaska",0500000US02090,60785,212200,5700,81801,10616,3757,0,1254,2090,15649,98314,1227
"Matanuska-Susitna Borough, Alaska",0500000US02170,68940,209600,1708,82948,9091,1844,0,761,2170,11295,89737,549
"Apache County, Arizona",0500000US04001,30744,56100,159,18258,52983,0,0,0,4001,2487,71676,0
"Cochise County, Arizona",0500000US04003,45213,138700,5884,113821,2398,4078,0,694,4003,10556,131789,9760
"Coconino County, Arizona",0500000US04005,42130,233800,2222,86814,38627,2736,0,513,4005,14300,134651,8655
"Maricopa County, Arizona",0500000US04013,50410,180800,228276,3188119,93029,164672,0,15427,4013,2591,3827371,247811
"Mohave County, Arizona",0500000US04015,36456,143100,2622,187596,6890,3172,0,0,4015,8234,200181,4655
"Navajo County, Arizona",0500000US04017,40623,133700,1015,58171,48437,565,0,0,4017,9767,107551,1913
"Pima County, Arizona",0500000US04019,44274,173200,41758,816371,40113,34757,0,2425,4019,2564,982154,74306
"Pinal County, Arizona",0500000US04021,50110,123500,20317,297869,23877,9808,0,2730,4021,5726,383842,39760
"Yavapai County, Arizona",0500000US04025,40274,188600,2140,199312,5717,2771,0,0,4025,9974,211061,4676
"Yuma County, Arizona",0500000US04027,42240,131800,5677,153621,4212,3345,0,1131,4027,6750,196509,35429
"Benton County, Arkansas",0500000US05007,52368,150200,3673,197494,6767,6813,0,1158,5007,5835,222894,12458
"Craighead County, Arkansas",0500000US05031,36320,121800,13449,82228,762,1332,0,0,5031,8156,96771,0
"Faulkner County, Arkansas",0500000US05045,43033,126700,12738,99742,1428,969,0,0,5045,8172,113980,1137
"Garland County, Arkansas",0500000US05051,36482,133900,8559,83116,1450,997,0,0,5051,10566,96145,3178
"Jefferson County, Arkansas",0500000US05069,33474,74300,43219,33464,807,0,0,0,5069,9524,77358,0
"Lonoke County, Arkansas",0500000US05085,49367,113700,4747,61858,390,821,0,0,5085,6968,68634,1648
"Pulaski County, Arkansas",0500000US05119,44482,145100,138109,235623,2832,9064,0,0,5119,4537,383632,1680
"Saline County, Arkansas",0500000US05125,52664,135800,6146,99778,1037,0,0,0,5125,10425,107532,1316
"Sebastian County, Arkansas",0500000US05131,38093,110000,9999,110074,3824,5686,0,0,5131,6591,125920,1462
"Washington County, Arkansas",0500000US05143,38278,150200,8023,165328,4753,5409,0,4409,5143,7739,204123,20484
"White County, Arkansas",0500000US05145,38326,87100,4363,71677,507,0,0,0,5145,4429,77350,1427
"Alameda County, California",0500000US06001,67169,497200,211238,755032,29585,441284,0,21967,6001,8918,1513952,148958
"Butte County, California",0500000US06007,41657,233800,5465,196727,9658,11803,0,1297,6007,10826,220072,8918
"Contra Costa County, California",0500000US06013,73721,416000,114135,716961,15048,178298,0,10450,6013,17153,1052827,73638
"El Dorado County, California",0500000US06017,66129,376600,3127,166931,3947,8690,0,1119,6017,13964,181194,4379
"Fresno County, California",0500000US06019,45221,212500,57169,585496,21088,99271,0,2716,6019,4546,933248,210334
"Humboldt County, California",0500000US06023,38492,294100,2171,116197,10585,4200,0,913,6023,12602,134794,5923
"Imperial County, California",0500000US06025,41802,154100,6545,102726,5757,3477,0,0,6025,5495,175234,62731
"Kern County, California",0500000US06029,45524,164200,56100,633674,20173,42627,0,3833,6029,3666,842207,122962
"Kings County, California",0500000US06031,44609,184600,12694,121747,3204,7939,0,0,6031,9771,153174,13712
"Lake County, California",0500000US06033,34910,196200,1536,55931,2795,1020,0,586,6033,23892,64771,6030
"Los Angeles County, California",0500000US06037,52684,429500,938934,5476979,125094,1497280,0,53058,6037,4088,9830420,2141696
"Madera County, California",0500000US06039,48268,203900,6564,132342,5165,4023,0,0,6039,20534,151408,8791
"Marin County, California",0500000US06041,83867,775200,9711,209346,2779,18607,0,1524,6041,25501,252916,22056
"Mendocino County, California",0500000US06045,40536,360200,1352,73014,6577,2144,0,425,6045,22336,87828,6473
"Merced County, California",0500000US06047,42449,146100,11024,195454,3492,21818,0,402,6047,10127,256778,30587
"Monterey County, California",0500000US06053,54534,381700,15642,335179,11530,33268,0,4069,6053,12839,416682,35254
"Napa County, California",0500000US06055,64401,424100,3421,116445,1720,11259,0,326,6055,34194,136858,7611
"Nevada County, California",0500000US06057,54456,369300,512,94049,1784,1917,0,0,6057,14132,98794,1877
"Orange County, California",0500000US06059,70880,528200,62858,1927933,26658,596724,0,19347,6059,6500,3018963,482445
"Placer County, California",0500000US06061,67884,344100,7030,303703,6628,27531,0,3126,6061,8339,350048,17349
"Riverside County, California",0500000US06065,54296,227900,167190,1557678,43066,163244,0,16461,6065,2802,2203332,354564
"Sacramento County, California",0500000US06067,52709,240200,178445,930115,35711,238494,0,23241,6067,3460,1421959,116979
"San Bernardino County, California",0500000US06071,52607,221700,207094,1390556,44763,154140,0,12175,6071,5300,2042441,332237
"San Diego County, California",0500000US06073,59923,407000,190406,2347753,51344,402515,0,25830,6073,5547,3105989,245623
"San Francisco County, California",0500000US06075,71745,768000,55405,437777,10010,286700,0,6084,6075,19204,805463,40904
"San Joaquin County, California",0500000US06077,50011,213400,61722,456726,20376,115446,0,11061,6077,4739,687744,71393
"San Luis Obispo County, California",0500000US06079,53978,425200,7316,229476,4572,12063,0,0,6079,16140,270113,24009
"San Mateo County, California",0500000US06081,82748,729500,25348,455772,11591,199809,0,15646,6081,14036,720162,55046
"Santa Barbara County, California",0500000US06083,56767,446800,12039,344486,8201,27952,0,1454,6083,28795,424712,47099
"Santa Clara County, California",0500000US06085,85002,639400,57869,957539,21768,621772,0,13437,6085,8631,1787694,199243
"Santa Cruz County, California",0500000US06087,61071,558000,3749,216951,3972,15640,0,929,6087,16351,263054,30360
"Shasta County, California",0500000US06089,41023,225600,2701,164794,8451,5762,0,1612,6089,11214,177291,4340
"Solano County, California",0500000US06095,63384,262600,72504,239449,8496,73395,0,7871,6095,9034,414305,45748
"Sonoma County, California",0500000US06097,59055,414000,11131,415554,11574,24733,0,3046,6097,11680,485120,34029
"Stanislaus County, California",0500000US06099,48044,176800,18956,423579,11753,32328,0,6427,6099,5404,515358,48454
"Sutter County, California",0500000US06101,46521,206600,2638,66869,4008,15315,0,967,6101,11044,94806,12294
"Tulare County, California",0500000US06107,43397,170300,8861,364239,9227,18807,0,1970,6107,4846,443688,57323
"Ventura County, California",0500000US06111,71864,458200,18927,644250,14909,69355,0,4260,6111,8696,825706,105608
"Yolo County, California",0500000US06113,55798,324800,7192,146343,5518,31925,0,3692,6113,19017,201190,20876
"Yuba County, California",0500000US06115,45755,173700,3095,54883,4477,6033,0,676,6115,11509,72388,9441
"Adams County, Colorado",0500000US08001,52711,187900,17203,353179,9621,19076,0,1485,8001,4299,443715,57369
"Arapahoe County, Colorado",0500000US08005,57724,226500,67146,448526,12371,36926,0,1865,8005,3819,575022,35726
"Boulder County, Colorado",0500000US08013,61859,352800,4725,265399,3843,15408,0,0,8013,9415,295166,15770
"Denver County, Colorado",0500000US08031,45074,250100,67636,437082,13176,25268,0,1130,8031,7288,604414,80382
"Douglas County, Colorado",0500000US08035,94909,333200,5753,271598,2493,14157,0,591,8035,7845,287003,2590
"El Paso County, Colorado",0500000US08041,51458,214300,50171,543274,15423,29709,0,6487,8041,4476,626928,27342
"Jefferson County, Colorado",0500000US08059,63826,259200,8730,499332,8306,18924,0,0,8059,4528,535533,13350
"Larimer County, Colorado",0500000US08069,54154,247600,3647,280720,4574,8650,0,1057,8069,5828,300637,9918
"Mesa County, Colorado",0500000US08077,46231,219500,1325,136615,2271,1685,0,613,8077,10263,146313,8215
"Pueblo County, Colorado",0500000US08101,38326,141200,3691,129521,6985,2142,0,1085,8101,6131,159477,23078
"Weld County, Colorado",0500000US08123,51956,182500,3216,233356,5891,4611,0,526,8123,6135,254270,14349
"Fairfield County, Connecticut",0500000US09001,74831,441400,106459,713500,4164,47704,0,458,9001,9430,918714,65042
"Hartford County, Connecticut",0500000US09003,60041,248300,128997,673727,7600,43080,0,1007,9003,3231,894478,68536
"Litchfield County, Connecticut",0500000US09005,66307,272700,3976,180753,1266,3676,0,0,9005,7894,189840,3290
"Middlesex County, Connecticut",0500000US09007,69566,302600,9302,150711,684,5057,0,0,9007,12387,165697,3121
"New Haven County, Connecticut",0500000US09009,57056,269200,122697,664976,8204,34699,0,377,9009,4239,862989,58430
"New London County, Connecticut",0500000US09011,62349,265000,21035,233411,4642,13647,0,0,9011,7480,274055,10447
"Tolland County, Connecticut",0500000US09013,75626,270000,7547,143412,1901,5843,0,0,9013,8255,152781,1210
"Windham County, Connecticut",0500000US09015,60026,227800,2958,111771,1375,1736,0,0,9015,7803,118519,2757
"Kent County, Delaware",0500000US10001,54617,206200,42002,118379,2448,4464,0,0,10001,9413,162912,1309
"New Castle County, Delaware",0500000US10003,59959,256700,134402,372210,4010,26311,0,0,10003,6140,538986,14354
"Sussex County, Delaware",0500000US10005,49006,240700,27216,164270,2183,2410,0,0,10005,7553,197871,6099
"District of Columbia, District of Columbia",0500000US11001,60903,426900,315243,251526,5425,25999,0,807,11001,16253,604453,18815
"Alachua County, Florida",0500000US12001,40358,175500,54451,178847,2333,15777,0,319,12001,6189,247497,3593
"Bay County, Florida",0500000US12005,44881,163600,21689,145776,4536,5145,0,0,12005,8224,169272,1391
"Brevard County, Florida",0500000US12009,46262,149100,60555,465760,5003,15536,0,523,12009,5919,543573,10341
"Broward County, Florida",0500000US12011,48063,179600,492406,1154051,10748,71403,0,4452,12011,4122,1753578,69549
"Charlotte County, Florida",0500000US12015,42031,147800,10458,147579,1073,2355,0,0,12015,11606,159990,701
"Citrus County, Florida",0500000US12017,35459,119900,4650,132243,1138,2291,0,0,12017,8066,141129,2286
"Clay County, Florida",0500000US12019,58263,169700,21009,162603,2579,7153,0,0,12019,6148,191395,3986
"Collier County, Florida",0500000US12021,52730,255500,23527,281762,985,4272,0,0,12021,13937,322472,16993
"Columbia County, Florida",0500000US12023,32488,118800,11603,53643,0,942,0,0,12023,6756,67597,1622
"Duval County, Florida",0500000US12031,46078,158700,268165,557369,7102,43930,0,1701,12031,3319,865876,12840
"Escambia County, Florida",0500000US12033,41483,139300,72343,217778,5750,11628,0,1066,12033,6188,298043,2174
"Flagler County, Florida",0500000US12035,43993,172800,11387,80414,566,2534,0,0,12035,9363,95928,3641
"Hernando County, Florida",0500000US12053,37459,125900,9390,156996,1346,2668,0,0,12053,6711,173008,5281
"Highlands County, Florida",0500000US12055,34561,108800,10201,84385,1793,1594,0,0,12055,7015,98700,1902
"Hillsborough County, Florida",0500000US12057,46117,165100,222948,928187,21819,51113,0,3497,12057,2606,1233846,42553
"Indian River County, Florida",0500000US12061,47335,163900,13042,124083,697,1958,0,0,12061,8526,138268,789
"Lake County, Florida",0500000US12069,42033,153300,30992,255260,2438,6729,0,0,12069,4852,297950,7708
"Lee County, Florida",0500000US12071,43936,149500,56572,528621,4535,11909,0,0,12071,7375,620151,29076
"Leon County, Florida",0500000US12073,41694,190300,86741,181331,2030,9446,0,304,12073,9892,276058,2104
"Manatee County, Florida",0500000US12081,44785,165600,30388,275141,2053,6483,0,0,12081,6572,323435,14428
"Marion County, Florida",0500000US12083,37044,118100,43801,273989,2705,5898,0,0,12083,3784,331290,11388
"Martin County, Florida",0500000US12085,48311,188400,9076,129881,2185,1940,0,0,12085,16895,146393,4958
"Miami-Dade County, Florida",0500000US12086,40219,207100,487723,1891076,7672,45706,0,903,12086,4078,2505379,102856
"Monroe County, Florida",0500000US12087,50619,387900,5116,66999,0,595,0,0,12087,33119,73269,579
"Nassau County, Florida",0500000US12089,60729,206000,5362,67076,250,825,0,0,12089,14123,73473,350
"Okaloosa County, Florida",0500000US12091,51529,180800,21074,151740,2482,7859,0,0,12091,6467,180728,3044
"Orange County, Florida",0500000US12095,45140,174200,253326,796316,8487,66077,0,6076,12095,2815,1149500,60057
"Osceola County, Florida",0500000US12097,42413,129900,34452,212845,1897,9298,0,0,12097,9478,269837,20137
"Palm Beach County, Florida",0500000US12099,49879,199500,238580,1029010,6730,37634,0,958,12099,5529,1323394,32289
"Pasco County, Florida",0500000US12101,42220,123900,24670,426724,3692,13003,0,0,12101,4792,465543,6863
"Pinellas County, Florida",0500000US12103,42616,154600,102385,782817,6405,33045,0,1385,12103,3599,916719,9340
"Polk County, Florida",0500000US12105,41174,119100,93904,482993,5159,11750,0,740,12105,3603,602788,19082
"Putnam County, Florida",0500000US12107,33842,89000,13338,59490,878,0,0,0,12107,16442,74262,1898
"St. Johns County, Florida",0500000US12109,58888,255900,11694,174035,1434,5139,0,0,12109,16561,191323,1609
"St. Lucie County, Florida",0500000US12111,38671,126000,57945,209632,4351,5579,0,496,12111,6107,278689,12399
"Santa Rosa County, Florida",0500000US12113,50517,163500,9315,137909,3504,4140,0,0,12113,7876,151966,1484
"Sarasota County, Florida",0500000US12115,45641,179500,20376,353114,3788,6095,0,0,12115,7907,379874,5008
"Seminole County, Florida",0500000US12117,57802,194200,50583,353983,3018,19431,0,1112,12117,5684,423508,8462
"Sumter County, Florida",0500000US12119,45026,188800,9910,83041,679,0,0,0,12119,8734,94074,905
"Volusia County, Florida",0500000US12127,41556,151600,57380,408601,5651,9773,0,0,12127,3522,494527,25216
"Barrow County, Georgia",0500000US13013,54230,138700,8180,60101,0,2272,0,0,13013,5173,69731,0
"Bartow County, Georgia",0500000US13015,42844,136100,11687,83761,632,0,0,0,13015,7123,100195,5410
"Bibb County, Georgia",0500000US13021,35651,129300,82312,70831,1001,3413,0,0,13021,6358,155715,1691
"Bulloch County, Georgia",0500000US13031,29170,125100,20084,47447,589,1214,0,0,13031,16337,70729,2575
"Carroll County, Georgia",0500000US13045,46032,133400,22095,86339,1122,760,0,0,13045,8174,110661,2319
"Chatham County, Georgia",0500000US13051,42763,173100,108911,146813,1298,7870,0,0,13051,6249,265871,4472
"Cherokee County, Georgia",0500000US13057,61834,194200,14453,191489,2105,4795,0,554,13057,7526,215129,6454
"Clarke County, Georgia",0500000US13059,34230,161400,31925,78899,590,5596,0,0,13059,5720,116668,3023
"Clayton County, Georgia",0500000US13063,35672,109400,176256,55958,4321,13740,0,0,13063,4241,259623,17168
"Cobb County, Georgia",0500000US13067,59896,206700,179990,440088,5149,34990,0,461,13067,6004,690063,43914
"Columbia County, Georgia",0500000US13073,62359,179200,20353,98592,0,5835,0,0,13073,9067,124815,1481
"Coweta County, Georgia",0500000US13077,55343,178700,23804,103553,807,2435,0,729,13077,8804,127955,2058
"DeKalb County, Georgia",0500000US13089,46812,176100,382010,252969,5540,40040,0,308,13089,6126,692902,23551
"Dougherty County, Georgia",0500000US13095,28444,97400,64059,27896,451,838,0,0,13095,8431,94577,1676
"Douglas County, Georgia",0500000US13097,53092,145900,55031,73322,0,2292,0,0,13097,9569,132722,3787
"Fayette County, Georgia",0500000US13113,79659,234300,22366,79914,1660,4948,0,0,13113,11029,106945,1780
"Floyd County, Georgia",0500000US13115,36934,112600,15234,79625,1240,1812,0,0,13115,10257,96274,1179
"Forsyth County, Georgia",0500000US13117,79825,262900,5636,155753,1024,12368,0,0,13117,10698,176738,5070
"Fulton County, Georgia",0500000US13121,52831,244300,418998,429573,7028,59764,0,0,13121,7932,926197,29062
"Glynn County, Georgia",0500000US13127,41854,145400,21477,54598,0,1115,0,0,13127,37965,79816,3643
"Gwinnett County, Georgia",0500000US13135,57548,180600,200113,449534,4009,91530,0,1331,13135,3985,808719,81901
"Hall County, Georgia",0500000US13139,47002,180600,15467,150148,1958,4280,0,0,13139,15141,180253,13517
"Henry County, Georgia",0500000US13151,57341,158500,78079,117174,2243,6874,0,0,13151,5554,205265,4588
"Houston County, Georgia",0500000US13153,58401,136400,42818,91351,1330,4641,0,0,13153,8479,140713,5255
"Lowndes County, Georgia",0500000US13185,36132,136600,40606,65128,1315,2526,0,0,13185,11272,109734,2607
"Muscogee County, Georgia",0500000US13215,35384,135100,90058,94468,2211,5592,0,239,13215,6115,190417,4653
"Newton County, Georgia",0500000US13217,49397,134500,43802,55113,0,1195,0,0,13217,5822,100086,1380
"Paulding County, Georgia",0500000US13223,60169,138800,25430,115445,892,1940,0,0,13223,5235,142741,1723
"Richmond County, Georgia",0500000US13245,39152,95500,113202,84839,1541,4715,0,840,13245,4758,201005,2674
"Rockdale County, Georgia",0500000US13247,57266,163800,41063,40543,0,1677,0,0,13247,6635,85434,3436
"Troup County, Georgia",0500000US13285,41477,135600,23268,43185,0,1164,0,0,13285,10040,67187,514
"Walker County, Georgia",0500000US13295,36927,109000,3645,63923,529,0,0,0,13295,13603,68761,1270
"Walton County, Georgia",0500000US13297,50173,166400,14794,66755,0,360,0,0,13297,9291,84004,2117
"Whitfield County, Georgia",0500000US13313,39423,126600,5037,91687,1336,1920,0,0,13313,8182,102934,7687
"Hawaii County, Hawaii",0500000US15001,47100,322700,3334,100245,7207,82400,0,61617,15001,13372,185406,11854
"Honolulu County, Hawaii",0500000US15003,68537,560500,32844,350888,23936,592828,0,223071,15003,9914,955775,21021
"Kauai County, Hawaii",0500000US15007,55246,503400,933,33024,2610,35065,0,14929,15007,46402,67226,803
"Maui County, Hawaii",0500000US15009,60617,597100,3332,89278,5942,74568,0,47883,15009,28718,155170,2435
"Ada County, Idaho",0500000US16001,50612,192900,6133,373049,6029,14200,0,0,16001,4746,393531,4174
"Bannock County, Idaho",0500000US16005,38396,144600,405,77306,4579,1537,0,627,16005,8564,83071,0
"Bonneville County, Idaho",0500000US16019,49482,159000,809,98031,1691,1682,0,0,16019,6688,104592,6074
"Canyon County, Idaho",0500000US16027,42732,138100,1624,176620,4883,3443,0,0,16027,5850,189428,8412
"Kootenai County, Idaho",0500000US16055,42316,195600,1194,134961,3158,1645,0,382,16055,9723,138901,926
"Twin Falls County, Idaho",0500000US16083,42106,156600,938,70995,1152,0,0,0,16083,11769,77517,5161
"Adams County, Illinois",0500000US17001,40626,96800,2807,63402,257,670,0,0,17001,6134,67120,1012
"Champaign County, Illinois",0500000US17019,45254,157300,27618,155064,1049,19695,0,0,17019,5992,201332,1718
"Cook County, Illinois",0500000US17031,51466,244400,1324942,3011135,31846,359498,0,7318,17031,2110,5200950,567056
"DeKalb County, Illinois",0500000US17037,51518,184300,7587,89430,439,3335,0,0,17037,7481,105201,6730
"DuPage County, Illinois",0500000US17043,72471,297700,47283,755485,6485,101319,0,516,17043,4619,918764,27209
"Kane County, Illinois",0500000US17089,65712,235100,31689,398001,2750,20913,0,0,17089,6203,516499,73399
"Kankakee County, Illinois",0500000US17091,44784,157500,18513,90815,0,1465,0,0,17091,5811,113502,4840
"Kendall County, Illinois",0500000US17093,77987,223100,8045,100710,917,4383,0,0,17093,8041,115304,5423
"Lake County, Illinois",0500000US17097,74705,268000,55635,550999,5358,50670,0,661,17097,6467,704596,61098
"LaSalle County, Illinois",0500000US17099,50206,130200,3289,109492,0,610,0,0,17099,8350,113840,2084
"McHenry County, Illinois",0500000US17111,68867,231700,4675,278556,1905,9900,0,0,17111,4939,309192,17875
"McLean County, Illinois",0500000US17113,59588,159600,14435,147449,918,8185,0,0,17113,4475,169832,3900
"Macon County, Illinois",0500000US17115,40919,91800,20670,90616,285,1400,0,0,17115,5134,110715,633
"Madison County, Illinois",0500000US17119,51901,124700,24413,243739,1848,3099,0,0,17119,5953,269271,1620
"Peoria County, Illinois",0500000US17143,50425,123200,36156,144563,1488,6639,0,0,17143,4921,186311,1828
"Rock Island County, Illinois",0500000US17161,45005,113000,16074,122385,1397,3013,0,0,17161,4763,147517,9380
"St. Clair County, Illinois",0500000US17163,47156,124900,86497,179878,1519,5097,0,0,17163,6506,270419,3174
"Sangamon County, Illinois",0500000US17167,50166,121100,26498,168318,1187,3821,0,0,17167,5389,197822,1922
"Tazewell County, Illinois",0500000US17179,49962,134700,1936,133023,972,1383,0,0,17179,7122,135433,890
"Vermilion County, Illinois",0500000US17183,38167,74000,11804,68839,777,337,0,0,17183,6454,81551,1377
"Will County, Illinois",0500000US17197,71016,227200,80527,535990,4781,34767,0,2175,17197,3880,678697,37834
"Williamson County, Illinois",0500000US17199,43709,90300,3526,62802,0,0,0,0,17199,8430,66369,0
"Winnebago County, Illinois",0500000US17201,43792,129900,41281,246123,2264,7946,0,373,17201,3473,295127,3949
"Allen County, Indiana",0500000US18003,47054,112100,47649,293828,3105,11036,0,0,18003,4041,355856,10063
"Bartholomew County, Indiana",0500000US18005,47192,138600,1582,71268,0,3113,0,0,18005,8871,76855,1237
"Clark County, Indiana",0500000US18019,44099,132700,9260,101461,668,1194,0,0,18019,6440,110610,440
"Delaware County, Indiana",0500000US18035,35902,94800,7895,108503,2510,1562,0,0,18035,3171,117669,619
"Elkhart County, Indiana",0500000US18039,41748,126200,13875,175475,1730,2492,0,0,18039,5975,197646,8306
"Floyd County, Indiana",0500000US18043,47804,151200,5058,70391,326,959,0,0,18043,7525,74679,382
"Grant County, Indiana",0500000US18053,34716,77400,4823,65528,1888,505,0,0,18053,4357,69975,0
"Hamilton County, Indiana",0500000US18057,80808,217300,12942,249683,1154,15400,0,0,18057,7847,276390,2252
"Hancock County, Indiana",0500000US18059,58587,164500,1819,68691,530,770,0,0,18059,7518,70250,0
"Hendricks County, Indiana",0500000US18063,65218,162400,8240,134356,512,3751,0,0,18063,4597,145867,1906
"Howard County, Indiana",0500000US18067,36733,99900,7364,75068,795,912,0,0,18067,6621,82770,1388
"Johnson County, Indiana",0500000US18081,58318,139300,2266,133148,561,3517,0,0,18081,7036,140009,2142
"Kosciusko County, Indiana",0500000US18085,47308,140500,1146,71695,186,801,0,0,18085,12246,77368,4039
"Lake County, Indiana",0500000US18089,45153,141400,133578,315708,3685,7972,0,0,18089,4319,495981,46015
"LaPorte County, Indiana",0500000US18091,43765,125800,13221,98391,642,934,0,0,18091,7751,111465,704
"Madison County, Indiana",0500000US18095,38772,91600,9579,121409,3298,778,0,0,18095,4268,131642,1054
"Marion County, Indiana",0500000US18097,38959,118200,257763,605148,8601,22427,0,0,18097,2028,904878,37753
"Monroe County, Indiana",0500000US18105,36392,155700,6041,125275,897,8925,0,0,18105,10967,138422,1179
"Morgan County, Indiana",0500000US18109,52965,146700,681,68323,0,0,0,0,18109,10261,69061,0
"Porter County, Indiana",0500000US18127,55186,168300,6622,154662,1318,2586,0,0,18127,4044,164592,1519
"St. Joseph County, Indiana",0500000US18141,42089,121700,38339,221122,2520,6038,0,0,18141,4651,266961,4686
"Tippecanoe County, Indiana",0500000US18157,37983,129100,8439,151664,1239,11731,0,575,18157,6879,172963,3450
"Vanderburgh County, Indiana",0500000US18163,40290,117400,19507,159443,691,2769,0,0,18163,5208,179833,1523
"Vigo County, Indiana",0500000US18167,39429,93300,9065,97118,785,2124,0,0,18167,5756,107958,796
"Wayne County, Indiana",0500000US18177,36079,95200,2902,65674,2332,704,0,0,18177,4981,68853,799
"Black Hawk County, Iowa",0500000US19013,43341,120900,13745,114764,835,2197,0,0,19013,4303,131221,1796
"Dallas County, Iowa",0500000US19049,63915,172900,1221,62112,181,2115,0,0,19049,15081,66616,2731
"Dubuque County, Iowa",0500000US19061,49776,150100,3192,90650,1169,968,0,0,19061,6262,93880,0
"Johnson County, Iowa",0500000US19103,49226,190200,7505,115395,693,7872,0,330,19103,7792,131225,2152
"Linn County, Iowa",0500000US19113,54539,138800,11982,195197,732,4827,0,0,19113,3275,211501,2264
"Polk County, Iowa",0500000US19153,53866,150800,30998,377328,4974,17963,0,0,19153,3251,432260,11885
"Pottawattamie County, Iowa",0500000US19155,47864,130600,1958,89123,1044,661,0,0,19155,7848,93359,2750
"Scott County, Iowa",0500000US19163,47206,142600,15411,147786,2403,4112,0,0,19163,4555,165841,2409
"Story County, Iowa",0500000US19169,48034,159000,2587,80489,243,6033,0,0,19169,5276,89575,978
"Woodbury County, Iowa",0500000US19193,42208,98500,4801,86560,2794,2842,0,0,19193,6224,102407,7833
"Butler County, Kansas",0500000US20015,53503,127500,1132,62727,1307,1043,0,0,20015,15527,65923,1432
"Douglas County, Kansas",0500000US20045,47263,187600,6888,98665,4914,5094,0,0,20045,8686,111130,1731
"Johnson County, Kansas",0500000US20091,71008,207700,29101,490150,5833,26581,0,388,20091,4050,545876,8363
"Leavenworth County, Kansas",0500000US20103,61310,166200,8786,63125,1547,1566,0,0,20103,11807,73749,1111
"Riley County, Kansas",0500000US20161,45246,157600,5380,63847,2367,3909,0,0,20161,15064,71481,0
"Sedgwick County, Kansas",0500000US20173,45726,122000,55869,405128,13542,24802,0,386,20173,3377,499393,22453
"Shawnee County, Kansas",0500000US20177,44431,121000,18395,148616,4766,2755,0,0,20177,5643,178301,11084
"Wyandotte County, Kansas",0500000US20209,37293,97400,42712,104670,2734,4446,0,0,20209,4478,157845,7872
"Boone County, Kentucky",0500000US21015,64008,182300,4868,112578,346,3060,0,0,21015,8639,119290,0
"Bullitt County, Kentucky",0500000US21029,50702,150800,1692,72660,0,0,0,0,21029,8712,74473,0
"Campbell County, Kentucky",0500000US21037,44829,147300,2128,88208,1417,674,0,0,21037,5771,90532,0
"Christian County, Kentucky",0500000US21047,36153,104300,16517,55287,1390,1467,0,679,21047,9634,74179,554
"Daviess County, Kentucky",0500000US21059,41277,108500,5852,90544,288,891,0,0,21059,6713,96762,1041
"Fayette County, Kentucky",0500000US21067,44895,161900,46579,233990,2895,11042,0,0,21067,4351,296765,11836
"Hardin County, Kentucky",0500000US21093,43421,143400,14855,88649,1419,3111,0,660,21093,9834,106933,1683
"Jefferson County, Kentucky",0500000US21111,42305,150100,163330,563590,4970,18977,0,1035,21111,2442,742172,7241
"Kenton County, Kentucky",0500000US21117,50872,145400,9500,148295,851,1896,0,0,21117,6030,159876,1567
"McCracken County, Kentucky",0500000US21145,42035,122500,8042,57835,558,667,0,0,21145,10414,65539,513
"Madison County, Kentucky",0500000US21151,42013,144900,4990,77680,1197,978,0,0,21151,12189,83157,0
"Pike County, Kentucky",0500000US21195,26927,57300,0,64364,975,0,0,0,21195,8755,64952,0
"Warren County, Kentucky",0500000US21227,38700,140700,11650,96642,1043,3672,0,0,21227,6803,114172,4696
"Ascension Parish, Louisiana",0500000US22005,63814,167800,25290,79539,621,1225,0,0,22005,6024,107891,1965
"Bossier Parish, Louisiana",0500000US22015,49154,136700,25867,88591,1222,2730,0,0,22015,10124,117522,1670
"Caddo Parish, Louisiana",0500000US22017,36835,120700,121113,127233,2652,3184,0,0,22017,6769,255543,3520
"Calcasieu Parish, Louisiana",0500000US22019,39830,119000,49830,139851,1913,2478,0,0,22019,7520,193230,1595
"East Baton Rouge Parish, Louisiana",0500000US22033,44964,166800,202812,221658,2213,13806,0,862,22033,4401,440909,6724
"Iberia Parish, Louisiana",0500000US22045,41709,104500,23578,47179,1866,1890,0,0,22045,13141,73236,0
"Jefferson Parish, Louisiana",0500000US22051,46559,172600,117723,279068,4327,18547,0,0,22051,3013,432449,19072
"Lafayette Parish, Louisiana",0500000US22055,48368,163100,59614,159061,872,4025,0,0,22055,5723,222051,642
"Lafourche Parish, Louisiana",0500000US22057,47442,130500,13431,79650,3271,832,0,0,22057,13841,96328,2134
"Livingston Parish, Louisiana",0500000US22063,53277,150500,7703,119921,0,0,0,0,22063,8902,128549,469
"Orleans Parish, Louisiana",0500000US22071,37726,176200,211976,120734,4639,10951,0,0,22071,6495,347858,7818
"Ouachita Parish, Louisiana",0500000US22073,37449,114900,57403,93969,658,1793,0,0,22073,9555,153910,1609
"Rapides Parish, Louisiana",0500000US22079,40377,120200,43165,84721,1648,1895,0,0,22079,8137,131779,1522
"St. Landry Parish, Louisiana",0500000US22097,33388,77800,35534,48044,406,376,0,0,22097,7619,83454,612
"St. Tammany Parish, Louisiana",0500000US22103,59350,210000,26698,197693,2577,3675,0,1909,22103,7304,234568,5287
"Tangipahoa Parish, Louisiana",0500000US22105,37390,124000,37662,82590,832,903,0,0,22105,15480,121425,371
"Terrebonne Parish, Louisiana",0500000US22109,48583,124900,22420,79371,7532,453,0,0,22109,11935,111861,3442
"Androscoggin County, Maine",0500000US23001,41190,158400,3600,103112,3437,347,0,0,23001,5504,107623,0
"Aroostook County, Maine",0500000US23003,36403,95000,602,69822,1872,362,0,345,23003,7766,71720,539
"Cumberland County, Maine",0500000US23005,58562,246700,8388,265530,2533,7689,0,0,23005,6185,281457,938
"Kennebec County, Maine",0500000US23011,44964,153800,1136,119386,1371,1299,0,0,23011,5971,122143,0
"Penobscot County, Maine",0500000US23019,42964,140600,1696,150017,3471,1950,0,0,23019,8118,153849,403
"York County, Maine",0500000US23031,54880,226500,1813,192933,1789,2701,0,0,23031,5934,197216,723
"Allegany County, Maryland",0500000US24001,35039,124500,6655,68086,585,827,0,0,24001,10948,75021,398
"Anne Arundel County, Maryland",0500000US24003,81455,343400,91987,421714,8067,24562,0,703,24003,7086,539198,11164
"Baltimore County, Maryland",0500000US24005,62543,265200,218541,537999,5879,45470,0,901,24005,4022,805709,15506
"Calvert County, Maryland",0500000US24009,88862,358200,13341,73820,799,1838,0,0,24009,13816,88936,1249
"Carroll County, Maryland",0500000US24013,82077,332800,6744,158320,750,3208,0,0,24013,10252,167241,1809
"Cecil County, Maryland",0500000US24015,62427,256200,7344,93388,717,1414,0,0,24015,14639,101199,0
"Charles County, Maryland",0500000US24017,87007,316400,63847,79321,1832,5416,0,0,24017,12504,147086,1956
"Frederick County, Maryland",0500000US24021,82133,314300,22733,200018,2561,12314,0,0,24021,9739,234122,4149
"Harford County, Maryland",0500000US24025,71835,286400,34044,204325,1615,7521,0,0,24025,9189,245177,2448
"Howard County, Maryland",0500000US24027,101771,415400,55149,187382,2272,45737,0,905,24027,14894,288376,6564
"Montgomery County, Maryland",0500000US24031,89155,447200,184034,586976,9572,153058,0,2282,24031,7017,976203,84403
"Prince George's County, Maryland",0500000US24033,70019,286100,572758,212905,7657,40817,0,567,24033,4577,865271,55002
"St. Mary's County, Maryland",0500000US24037,88444,299600,16999,87299,913,3396,0,0,24037,15030,105786,0
"Washington County, Maryland",0500000US24043,52857,217500,16963,128840,767,2850,0,0,24043,8859,147558,809
"Wicomico County, Maryland",0500000US24045,49913,192000,25965,68712,0,2893,0,0,24045,8694,98843,0
"Baltimore city, Maryland",0500000US24510,38346,166100,403519,199409,8543,17554,0,757,24510,4308,620583,8225
"Barnstable County, Massachusetts",0500000US25001,55294,369900,6557,205537,2126,2817,0,0,25001,8779,215937,2369
"Berkshire County, Massachusetts",0500000US25003,44190,204000,5268,123955,800,2402,0,0,25003,12897,131144,1722
"Bristol County, Massachusetts",0500000US25005,51319,283600,25021,499857,4352,12688,0,766,25005,3853,548612,18045
"Essex County, Massachusetts",0500000US25009,61789,352900,34430,624875,4471,26423,0,0,25009,5186,744644,71125
"Franklin County, Massachusetts",0500000US25011,50001,227600,1210,68956,817,1291,0,0,25011,7332,71369,399
"Hampden County, Massachusetts",0500000US25013,46447,201400,46295,370843,3964,11201,0,0,25013,4808,463678,42930
"Hampshire County, Massachusetts",0500000US25015,58449,266500,5528,144789,970,8908,0,0,25015,8343,158094,2007
"Middlesex County, Massachusetts",0500000US25017,75534,403500,86014,1253587,7137,155696,0,1590,25017,5807,1506008,43825
"Norfolk County, Massachusetts",0500000US25021,80440,392000,43862,561592,2642,63766,0,469,25021,5569,672376,9928
"Plymouth County, Massachusetts",0500000US25023,72076,339400,47562,434591,4168,7968,0,1310,25023,5176,495780,10213
"Suffolk County, Massachusetts",0500000US25025,50020,361700,199461,445414,5484,65661,0,1402,25025,7391,723323,57726
"Worcester County, Massachusetts",0500000US25027,61212,268100,40000,715877,5979,36212,0,1097,25027,4681,799553,20911
"Allegan County, Michigan",0500000US26005,44847,141200,2006,107792,1581,864,0,0,26005,8268,111503,2269
"Bay County, Michigan",0500000US26017,45451,95800,2762,103888,1329,762,0,0,26017,3266,107703,1750
"Berrien County, Michigan",0500000US26021,40329,130500,25600,125080,1783,3261,0,0,26021,5752,156805,4016
"Calhoun County, Michigan",0500000US26025,42921,103100,17215,116471,3493,2602,0,0,26025,4591,136072,1893
"Clinton County, Michigan",0500000US26037,58288,158000,1968,72299,670,1680,0,0,26037,6475,75426,578
"Eaton County, Michigan",0500000US26045,52042,143300,8176,98039,1871,2164,0,0,26045,7121,107838,1291
"Genesee County, Michigan",0500000US26049,38819,94100,93962,331304,6112,5169,0,580,26049,3326,424926,2082
"Grand Traverse County, Michigan",0500000US26055,47389,171100,1442,83300,1634,824,0,340,26055,7088,87043,0
"Ingham County, Michigan",0500000US26065,43171,122600,39128,226749,5265,16585,0,196,26065,4622,280812,7513
"Isabella County, Michigan",0500000US26073,31014,117100,2377,63949,3884,1368,0,0,26073,7881,70334,341
"Jackson County, Michigan",0500000US26075,42862,116600,15239,143114,1457,1448,0,0,26075,6031,160201,1842
"Kalamazoo County, Michigan",0500000US26077,43419,143800,32639,212228,3660,6632,0,1061,26077,4724,250738,887
"Kent County, Michigan",0500000US26081,47781,141700,70123,512342,7356,17127,0,0,26081,3083,603219,14662
"Lapeer County, Michigan",0500000US26087,49190,143200,1192,85808,812,540,0,0,26087,8267,88210,916
"Lenawee County, Michigan",0500000US26091,45563,118000,3232,95016,1203,726,0,0,26091,6256,99763,2097
"Livingston County, Michigan",0500000US26093,65197,185200,1247,177035,1977,2014,0,0,26093,5110,180972,0
"Macomb County, Michigan",0500000US26099,49160,123000,79875,731844,7096,30256,0,1207,26099,2136,841126,8242
"Marquette County, Michigan",0500000US26103,44684,126000,1549,63945,2012,577,0,0,26103,10776,67131,347
"Midland County, Michigan",0500000US26111,48706,126700,1374,79904,749,2020,0,0,26111,7670,83592,794
"Monroe County, Michigan",0500000US26115,50034,147400,4242,146386,1473,1134,0,0,26115,8147,151932,1154
"Muskegon County, Michigan",0500000US26121,38621,103900,27053,144645,2698,1375,0,0,26121,4355,172068,2787
"Oakland County, Michigan",0500000US26125,60266,166600,175551,959736,10750,77862,0,1041,26125,1989,1203012,10210
"Ottawa County, Michigan",0500000US26139,53056,156000,5684,241731,2491,8098,0,0,26139,3540,264055,13464
"Saginaw County, Michigan",0500000US26145,41938,104200,40638,155311,3147,2881,0,0,26145,5496,199911,4753
"St. Clair County, Michigan",0500000US26147,44369,122900,5358,156688,1653,1199,0,0,26147,5118,162789,1615
"Shiawassee County, Michigan",0500000US26155,46528,114700,567,69835,728,0,0,0,26155,7078,70606,0
"Van Buren County, Michigan",0500000US26159,44242,124200,4398,68772,1236,0,0,0,26159,9138,76186,3956
"Washtenaw County, Michigan",0500000US26161,55880,190600,51007,267553,7092,31829,0,0,26161,4678,345290,5038
"Wayne County, Michigan",0500000US26163,39408,89500,757781,983408,19889,57364,0,1823,26163,1446,1815734,41009
"Anoka County, Minnesota",0500000US27003,65771,198000,17659,297977,4359,15262,0,0,27003,3423,331302,4692
"Carver County, Minnesota",0500000US27019,80173,275100,1465,85658,555,2869,0,0,27019,13142,91361,2238
"Dakota County, Minnesota",0500000US27037,69508,233800,24135,350724,5392,21259,0,675,27037,3916,399100,11583
"Hennepin County, Minnesota",0500000US27053,59236,238000,156139,914747,19584,81368,0,1978,27053,2871,1154623,23678
"Olmsted County, Minnesota",0500000US27109,60721,171800,8269,129143,482,8931,0,548,27109,4376,144509,1483
"Ramsey County, Minnesota",0500000US27123,50136,207700,65180,382811,9100,63837,0,850,27123,4428,509320,6740
"St. Louis County, Minnesota",0500000US27137,41801,135600,4328,189473,6824,2519,0,0,27137,5733,200155,288
"Scott County, Minnesota",0500000US27139,77314,258800,4272,115177,1710,8474,0,0,27139,9374,130487,2946
"Sherburne County, Minnesota",0500000US27141,69971,192200,2210,83947,726,1594,0,0,27141,6851,88691,813
"Stearns County, Minnesota",0500000US27145,50150,172200,5519,140863,1086,3565,0,0,27145,4511,150785,1676
"Washington County, Minnesota",0500000US27163,77239,249000,10803,216036,1980,14042,0,0,27163,6886,238844,1138
"Wright County, Minnesota",0500000US27171,66833,200200,1951,119973,409,2413,0,0,27171,6929,125118,1901
"DeSoto County, Mississippi",0500000US28033,60385,156100,34369,124245,4742,2611,0,0,28033,6384,161746,1901
"Forrest County, Mississippi",0500000US28035,31327,126400,27996,46380,899,0,0,0,28035,14589,75113,889
"Harrison County, Mississippi",0500000US28047,41970,151500,44106,138577,2405,6785,0,0,28047,6772,187785,1817
"Hinds County, Mississippi",0500000US28049,37358,115200,171714,70440,531,2046,0,0,28049,6521,245629,1552
"Jackson County, Mississippi",0500000US28059,44951,119700,31659,104295,778,3534,0,0,28059,5303,139698,1632
"Jones County, Mississippi",0500000US28067,35913,75400,22356,45406,0,0,0,0,28067,7145,67870,0
"Lauderdale County, Mississippi",0500000US28075,31334,84500,34207,46544,764,408,0,0,28075,7603,80229,0
"Lee County, Mississippi",0500000US28081,41260,100600,23453,59369,0,610,0,0,28081,7777,83048,0
"Madison County, Mississippi",0500000US28089,55362,187300,37048,54084,0,2222,0,0,28089,17900,95552,2702
"Rankin County, Mississippi",0500000US28121,49293,141800,27828,111661,0,1817,0,0,28121,6619,142018,1145
"Boone County, Missouri",0500000US29019,41006,158500,17297,137613,2065,7253,0,0,29019,5813,163232,2684
"Buchanan County, Missouri",0500000US29021,41647,113700,6321,81062,1386,768,0,0,29021,10652,89144,1377
"Cape Girardeau County, Missouri",0500000US29031,44589,140800,6090,69232,472,515,0,0,29031,8861,75895,0
"Cass County, Missouri",0500000US29037,57100,154200,4351,94303,1269,989,0,0,29037,5482,99723,508
"Christian County, Missouri",0500000US29043,47671,143100,563,76912,1065,746,0,0,29043,6580,77825,0
"Clay County, Missouri",0500000US29047,54884,150500,14925,203300,3812,5646,0,0,29047,4438,222718,2790
"Cole County, Missouri",0500000US29051,53080,141400,9382,64814,0,1167,0,0,29051,6194,76182,948
"Franklin County, Missouri",0500000US29071,42905,147000,1736,99691,744,249,0,0,29071,7901,101508,0
"Greene County, Missouri",0500000US29077,37203,128900,11046,259587,4259,5887,0,0,29077,5187,275414,2312
"Jackson County, Missouri",0500000US29095,44502,131900,172793,470370,12433,13934,0,2454,29095,3053,675259,27841
"Jasper County, Missouri",0500000US29097,37560,96600,3904,110392,4268,1559,0,0,29097,5302,117770,3196
"Jefferson County, Missouri",0500000US29099,52627,156400,2599,215611,1592,1999,0,765,29099,5131,219084,544
"Platte County, Missouri",0500000US29165,67221,180700,6167,78472,1132,2558,0,0,29165,10361,89677,2258
"St. Charles County, Missouri",0500000US29183,64608,196900,18652,333551,2026,10438,0,0,29183,3939,361602,2021
"St. Francois County, Missouri",0500000US29187,33428,100500,2635,62386,1037,0,0,0,29187,7199,65498,0
"St. Louis County, Missouri",0500000US29189,55110,178100,243688,722299,9577,41107,0,684,29189,3152,998881,5580
"St. Louis city, Missouri",0500000US29510,32688,120900,161332,150858,2016,10823,0,0,29510,5553,319156,1401
"Cascade County, Montana",0500000US30013,41871,158300,1414,75800,4939,1107,0,413,30013,4554,81519,283
"Flathead County, Montana",0500000US30029,41854,227300,0,88744,2031,1308,0,0,30029,11490,90901,395
"Gallatin County, Montana",0500000US30031,49506,254000,367,87616,1152,1624,0,625,30031,14836,89658,369
"Missoula County, Montana",0500000US30063,45596,238800,853,104845,4214,1942,0,0,30063,10936,109494,0
"Yellowstone County, Montana",0500000US30111,48153,178600,1481,138248,8153,1642,0,0,30111,7357,148432,2244
"Douglas County, Nebraska",0500000US31055,50038,143900,67114,427440,12015,16473,0,1014,31055,2290,518777,14087
"Lancaster County, Nebraska",0500000US31109,50031,148200,12988,261872,3786,11598,0,0,31109,3084,286141,1746
"Sarpy County, Nebraska",0500000US31153,69538,162800,8343,145362,1810,5015,0,0,31153,4154,159709,3938
"Clark County, Nevada",0500000US32003,51437,170100,228479,1391955,25532,205443,0,30544,32003,2231,1954260,165339
"Washoe County, Nevada",0500000US32031,50556,215700,13550,364825,10475,30602,0,3393,32031,7001,422528,15990
"Cheshire County, New Hampshire",0500000US33005,48030,209900,680,75077,308,1512,0,0,33005,11756,77049,745
"Grafton County, New Hampshire",0500000US33009,50738,215200,1395,85174,1081,3221,0,0,33009,9840,89108,690
"Hillsborough County, New Hampshire",0500000US33011,68312,257100,10319,370847,3234,15659,0,0,33011,5282,401057,7399
"Merrimack County, New Hampshire",0500000US33013,61310,234700,2071,141629,1094,2898,0,0,33013,6044,146400,473
"Rockingham County, New Hampshire",0500000US33015,73925,281200,3890,286847,1700,6263,0,0,33015,6585,295360,557
"Strafford County, New Hampshire",0500000US33017,52212,217200,1828,117028,880,3907,0,0,33017,7345,123198,1598
"Atlantic County, New Jersey",0500000US34001,52571,238400,46524,190637,1347,23147,0,0,34001,6119,274685,19861
"Bergen County, New Jersey",0500000US34003,77389,463800,55449,679665,3429,140474,0,1025,34003,6647,906541,44275
"Burlington County, New Jersey",0500000US34005,74329,265500,82454,344329,3404,23573,0,728,34005,5467,449149,9005
"Camden County, New Jersey",0500000US34007,57352,218300,106386,336458,3833,30617,0,510,34007,3906,513607,52730
"Cape May County, New Jersey",0500000US34009,53392,327300,5051,90116,1860,1149,0,0,34009,16939,97253,438
"Cumberland County, New Jersey",0500000US34011,51619,177600,36272,102071,3446,2606,0,0,34011,6982,157149,20589
"Essex County, New Jersey",0500000US34013,52394,374000,342588,376170,13186,40719,0,398,34013,6181,784228,52448
"Gloucester County, New Jersey",0500000US34015,70514,232100,32820,244613,1774,9254,0,0,34015,4404,288581,7064
"Hudson County, New Jersey",0500000US34017,54817,352600,92148,341255,3470,92451,0,441,34017,7736,635294,127438
"Hunterdon County, New Jersey",0500000US34019,97874,411400,3836,119019,702,4676,0,350,34019,15336,128373,1739
"Mercer County, New Jersey",0500000US34021,70956,293600,78219,234950,2253,35361,0,494,34021,7804,366789,23355
"Middlesex County, New Jersey",0500000US34023,76443,341300,84750,530236,5816,183045,0,590,34023,3322,810986,29779
"Monmouth County, New Jersey",0500000US34025,80816,399900,54670,539418,5461,35577,0,0,34025,8766,630966,13740
"Morris County, New Jersey",0500000US34027,91469,444100,17127,411105,2702,47919,0,0,34027,8101,492694,21059
"Ocean County, New Jersey",0500000US34029,57128,279200,21161,534265,3509,12143,0,1258,34029,5285,577603,18090
"Passaic County, New Jersey",0500000US34031,53993,365200,65264,346970,2733,28748,0,1256,34031,5770,501860,66998
"Salem County, New Jersey",0500000US34033,56357,196100,10727,54649,0,490,0,0,34033,8418,66058,1034
"Somerset County, New Jersey",0500000US34035,94270,398200,30411,232377,1935,49044,0,0,34035,10553,324194,18871
"Sussex County, New Jersey",0500000US34037,84115,293700,3638,142290,430,3589,0,0,34037,8480,149239,1636
"Union County, New Jersey",0500000US34039,66665,378300,119680,327069,2704,26690,0,0,34039,7173,537661,71578
"Warren County, New Jersey",0500000US34041,71832,287700,4746,100733,299,3170,0,0,34041,9792,108714,1229
"Bernalillo County, New Mexico",0500000US35001,47624,192800,25743,491496,38457,20004,0,754,35001,3139,664639,116775
"Chaves County, New Mexico",0500000US35005,34325,93400,0,57085,1026,0,0,0,35005,11956,65779,6889
"Doï¿½a Ana County, New Mexico",0500000US35013,35230,145600,3929,193096,3456,2912,0,0,35013,9758,210538,11433
"McKinley County, New Mexico",0500000US35031,29369,60800,1066,12613,55193,817,0,194,35031,7100,71797,3810
"Sandoval County, New Mexico",0500000US35043,51959,174000,3840,101272,19246,2452,0,0,35043,7599,132330,8969
"San Juan County, New Mexico",0500000US35045,45127,153200,0,75845,50128,653,0,0,35045,14048,130145,5430
"Santa Fe County, New Mexico",0500000US35049,47080,284800,2184,126566,5497,2917,0,0,35049,18138,144606,12880
"Valencia County, New Mexico",0500000US35061,39241,135200,1208,44327,3005,960,0,0,35061,9066,76759,29807
"Albany County, New York",0500000US36001,53965,213300,42699,243227,1572,16601,0,250,36001,6723,303833,6363
"Bronx County, New York",0500000US36005,32568,388900,517978,346285,15361,58884,0,2330,36005,11325,1386657,506485
"Broome County, New York",0500000US36007,44473,107300,11315,182551,1213,8145,0,0,36007,4664,200272,2263
"Cattaraugus County, New York",0500000US36009,41578,77800,1449,75459,2991,687,0,0,36009,3929,80229,377
"Cayuga County, New York",0500000US36011,49136,102400,2934,74750,526,1986,0,0,36011,6835,79978,621
"Chautauqua County, New York",0500000US36013,40443,84300,4723,127398,1669,938,0,0,36013,3760,134768,2533
"Chemung County, New York",0500000US36015,47643,92100,8007,81355,1125,1183,0,0,36015,6155,88824,0
"Clinton County, New York",0500000US36019,43600,131100,3687,77011,0,1095,0,0,36019,10373,82115,440
"Dutchess County, New York",0500000US36027,69613,299100,34171,243351,2091,12408,0,0,36027,7487,297577,12794
"Erie County, New York",0500000US36029,46816,123700,131612,754407,11021,28493,0,0,36029,1981,918652,15385
"Jefferson County, New York",0500000US36045,43557,128200,6828,104947,1450,2701,0,0,36045,9923,116582,3600
"Kings County, New York",0500000US36047,42143,566700,877218,1162467,18503,282669,0,3296,36047,7643,2508340,217166
"Livingston County, New York",0500000US36051,50640,110400,1755,62512,458,1143,0,0,36051,6092,65333,603
"Madison County, New York",0500000US36053,53006,118900,1866,71201,823,811,0,0,36053,8129,73439,191
"Monroe County, New York",0500000US36055,49532,134600,121686,584583,6748,27321,0,459,36055,2409,744389,21098
"Nassau County, New York",0500000US36059,91104,463200,159426,992264,9357,114619,0,1226,36059,3393,1341245,101203
"New York County, New York",0500000US36061,63832,825900,285201,967329,12465,199791,0,2060,36061,34073,1586698,193569
"Niagara County, New York",0500000US36063,43991,107700,17375,196628,3302,2255,0,0,36063,4053,216546,1353
"Oneida County, New York",0500000US36065,47286,105600,15492,210331,3977,7533,0,921,36065,4369,234845,4980
"Onondaga County, New York",0500000US36067,50426,134700,56269,390368,7168,16976,0,642,36067,4183,467204,8023
"Ontario County, New York",0500000US36069,53567,134500,4257,103483,677,1439,0,0,36069,6626,108116,586
"Orange County, New York",0500000US36071,65891,286600,43868,290030,2874,11054,0,531,36071,5946,373355,35587
"Oswego County, New York",0500000US36075,44643,92700,1921,119692,1140,1015,0,0,36075,3659,122114,378
"Putnam County, New York",0500000US36079,81233,390400,2829,88857,936,3142,0,0,36079,18718,99713,7337
"Queens County, New York",0500000US36081,53054,464800,443398,982036,21388,550667,0,5332,36081,6497,2233841,308640
"Rensselaer County, New York",0500000US36083,51653,177200,9832,145466,3875,4129,0,0,36083,7250,159428,2252
"Richmond County, New York",0500000US36085,70560,452300,53584,361229,2408,40097,0,0,36085,7337,469363,20943
"Rockland County, New York",0500000US36087,84027,448300,41562,231720,1159,21527,0,0,36087,7696,312183,20956
"St. Lawrence County, New York",0500000US36089,40163,85300,2880,106685,1806,1809,0,0,36089,4444,111894,915
"Saratoga County, New York",0500000US36091,66212,236200,4579,212211,1520,5042,0,0,36091,8338,219960,1927
"Schenectady County, New York",0500000US36093,52331,168000,17432,127644,1651,6883,0,0,36093,4429,154889,4360
"Steuben County, New York",0500000US36101,45995,86300,2483,95143,591,1321,0,0,36101,3662,98930,448
"Suffolk County, New York",0500000US36103,81551,390800,122614,1235571,9811,58621,0,1444,36103,3663,1494434,99397
"Sullivan County, New York",0500000US36105,43578,183800,8367,63423,866,1335,0,0,36105,13401,77500,6057
"Tompkins County, New York",0500000US36109,52064,167600,5600,85146,852,10309,0,0,36109,5973,101620,1410
"Ulster County, New York",0500000US36111,51301,234300,14265,165044,1358,4187,0,0,36111,5216,182435,4481
"Warren County, New York",0500000US36113,52715,205600,789,63990,0,785,0,0,36113,11075,65697,0
"Wayne County, New York",0500000US36117,50363,104200,3585,89689,1089,466,0,0,36117,6265,93753,632
"Westchester County, New York",0500000US36119,77415,526000,150222,658151,5959,61928,0,733,36119,11294,950541,109065
"Alamance County, North Carolina",0500000US37001,41058,132900,29928,108972,1404,2263,0,0,37001,6900,151528,14407
"Brunswick County, North Carolina",0500000US37019,43884,190100,13071,93766,2220,1269,0,0,37019,17406,107992,0
"Buncombe County, North Carolina",0500000US37021,43241,192100,16404,217276,2476,3148,0,1890,37021,8698,238832,4017
"Burke County, North Carolina",0500000US37023,38131,114400,7064,79303,398,3337,0,0,37023,7068,90771,2271
"Cabarrus County, North Carolina",0500000US37025,48666,169000,27924,143238,1910,4190,0,0,37025,6382,178588,4036
"Caldwell County, North Carolina",0500000US37027,36050,107200,5217,75785,0,484,0,0,37027,6890,82998,1314
"Carteret County, North Carolina",0500000US37031,40614,197500,4660,60359,727,717,0,0,37031,16395,66685,1613
"Catawba County, North Carolina",0500000US37035,41244,130200,14907,130363,1098,5693,0,0,37035,7378,154389,5589
"Cleveland County, North Carolina",0500000US37045,38282,110200,21213,75877,504,861,0,0,37045,6499,98050,0
"Craven County, North Carolina",0500000US37049,40218,146000,24330,75796,3618,2719,0,0,37049,11981,103908,2906
"Cumberland County, North Carolina",0500000US37051,43205,126900,124179,180702,12004,10753,0,2465,37051,7856,320267,12039
"Davidson County, North Carolina",0500000US37057,39660,133400,15519,141141,1660,2845,0,0,37057,6220,162930,3417
"Durham County, North Carolina",0500000US37063,47401,177400,105516,128787,2691,13566,0,0,37063,6055,268454,25120
"Forsyth County, North Carolina",0500000US37067,43537,150500,97457,230533,3025,8142,0,0,37067,4479,351335,19372
"Gaston County, North Carolina",0500000US37071,39054,127400,33624,165215,1721,3053,0,0,37071,8748,206213,6266
"Guilford County, North Carolina",0500000US37081,42090,157900,165275,294226,7227,22092,0,0,37081,4041,489681,14621
"Harnett County, North Carolina",0500000US37085,39584,141300,26154,83917,4211,1749,0,0,37085,8897,115733,4241
"Henderson County, North Carolina",0500000US37089,43105,192600,4363,98755,0,1234,0,0,37089,17718,106978,3915
"Iredell County, North Carolina",0500000US37097,45714,173900,20264,132923,1198,3657,0,0,37097,10485,159771,3693
"Johnston County, North Carolina",0500000US37101,45988,139200,29050,137367,1291,665,0,0,37101,5329,169735,5513
"Lincoln County, North Carolina",0500000US37109,42456,152500,4796,73284,649,692,0,0,37109,13675,78450,509
"Mecklenburg County, North Carolina",0500000US37119,52188,187400,298785,554413,10738,47217,0,660,37119,4037,923427,38172
"Moore County, North Carolina",0500000US37125,47692,196500,13049,74766,560,881,0,0,37125,10915,88569,1196
"Nash County, North Carolina",0500000US37127,42967,115700,36918,55178,1494,0,0,0,37127,8728,95938,3442
"New Hanover County, North Carolina",0500000US37129,46130,223300,31850,165500,2001,3210,0,0,37129,10217,203341,3889
"Onslow County, North Carolina",0500000US37133,41787,149600,31668,140877,2290,5434,0,793,37133,6774,179471,5124
"Orange County, North Carolina",0500000US37135,48207,271500,17142,105907,1460,10150,0,0,37135,16584,134197,2584
"Pitt County, North Carolina",0500000US37147,39222,133800,59359,101985,1237,3319,0,0,37147,10447,168817,5890
"Randolph County, North Carolina",0500000US37151,38267,115200,9189,127358,1341,1674,0,0,37151,6224,141960,4803
"Robeson County, North Carolina",0500000US37155,29453,63500,34651,45095,53355,1583,0,0,37155,6025,134473,3399
"Rockingham County, North Carolina",0500000US37157,37818,102800,18092,73042,0,710,0,0,37157,8912,93641,2684
"Rowan County, North Carolina",0500000US37159,37360,128400,24114,106767,1275,1567,0,0,37159,10708,138446,6060
"Rutherford County, North Carolina",0500000US37161,35442,96000,8282,60688,0,0,0,0,37161,14963,67772,0
"Surry County, North Carolina",0500000US37171,35928,118400,2994,68358,667,847,0,0,37171,7133,73694,2130
"Union County, North Carolina",0500000US37179,65576,188200,25454,170636,1380,4231,0,0,37179,7539,202206,5392
"Wake County, North Carolina",0500000US37183,61426,232800,197734,638279,8408,56420,0,0,37183,4066,906969,28360
"Wayne County, North Carolina",0500000US37191,40787,106900,40572,71403,1160,2008,0,0,37191,8356,122907,10204
"Wilkes County, North Carolina",0500000US37193,31869,110800,3245,63486,0,0,0,0,37193,10761,69287,2377
"Wilson County, North Carolina",0500000US37195,34883,113100,32895,42118,386,585,0,0,37195,9201,81359,6528
"Burleigh County, North Dakota",0500000US38015,55489,166800,340,78081,4480,566,0,0,38015,5803,81666,0
"Cass County, North Dakota",0500000US38017,50616,155800,4086,140144,3577,4321,0,0,38017,6268,150230,1699
"Grand Forks County, North Dakota",0500000US38035,42923,148000,2031,61158,2582,1640,0,0,38035,5925,66991,592
"Allen County, Ohio",0500000US39003,41057,110200,15284,90387,684,971,0,0,39003,4319,106205,1743
"Ashtabula County, Ohio",0500000US39007,38751,114800,5426,96854,765,876,0,0,39007,7345,101429,562
"Belmont County, Ohio",0500000US39013,38548,86500,3721,67017,0,289,0,0,39013,5461,70319,0
"Butler County, Ohio",0500000US39017,54541,157800,31902,324192,2805,10356,0,0,39017,4729,368630,5633
"Clark County, Ohio",0500000US39023,39580,102000,14640,120343,944,1298,0,0,39023,6406,138193,3657
"Clermont County, Ohio",0500000US39025,56952,153000,3468,192765,1124,2606,0,0,39025,5926,197604,0
"Columbiana County, Ohio",0500000US39029,35909,92100,2952,104129,232,806,0,0,39029,5376,107800,766
"Cuyahoga County, Ohio",0500000US39035,41347,132200,397566,848561,9408,39708,0,768,39035,2372,1278208,16581
"Delaware County, Ohio",0500000US39041,85146,245900,7089,159723,249,9390,0,0,39041,7974,175250,378
"Erie County, Ohio",0500000US39043,42246,134100,8077,70111,509,572,0,0,39043,11352,77070,443
"Fairfield County, Ohio",0500000US39045,55981,167400,10382,135924,866,2819,0,0,39045,4817,146351,0
"Franklin County, Ohio",0500000US39049,47557,155000,269893,847667,9738,52441,0,1396,39049,2383,1165897,20264
"Geauga County, Ohio",0500000US39055,61236,226300,1469,92012,574,1027,0,0,39055,8581,93408,0
"Greene County, Ohio",0500000US39057,51048,155200,13685,143010,1200,5705,0,0,39057,6468,161605,1559
"Hamilton County, Ohio",0500000US39061,46236,149400,218161,570692,7178,20626,0,1358,39061,3158,802252,7585
"Hancock County, Ohio",0500000US39063,50150,131600,1848,71213,0,1613,0,0,39063,10532,74727,563
"Jefferson County, Ohio",0500000US39081,36008,85500,5201,65034,401,568,0,0,39081,5775,69614,0
"Lake County, Ohio",0500000US39085,52685,152600,9662,215630,890,3208,0,0,39085,5077,230101,3215
"Licking County, Ohio",0500000US39089,51132,155100,7417,158719,1471,1681,0,0,39089,4736,166701,434
"Lorain County, Ohio",0500000US39093,50200,144000,32443,261811,4040,4626,0,0,39093,3634,301449,9777
"Lucas County, Ohio",0500000US39095,38773,115400,92516,340917,3206,8656,0,808,39095,2816,441468,8810
"Mahoning County, Ohio",0500000US39099,37847,96600,40415,195495,767,2351,0,0,39099,3766,238310,2237
"Marion County, Ohio",0500000US39101,38824,94800,4443,61666,420,0,0,0,39101,7563,66482,691
"Medina County, Ohio",0500000US39103,63543,185900,2785,167141,820,2073,0,0,39103,4645,172592,1439
"Miami County, Ohio",0500000US39109,49222,135200,3076,97702,0,1444,0,0,39109,6019,102461,516
"Montgomery County, Ohio",0500000US39113,40618,115200,119771,405619,5263,12488,0,0,39113,2890,535059,6655
"Muskingum County, Ohio",0500000US39119,40894,103100,4789,82260,859,473,0,201,39119,6081,86142,402
"Portage County, Ohio",0500000US39133,49244,155900,8420,151073,1360,3084,0,0,39133,6704,161386,1065
"Richland County, Ohio",0500000US39139,41572,106300,14203,111081,0,0,0,0,39139,5832,124177,764
"Ross County, Ohio",0500000US39141,40811,117300,5262,72948,821,0,0,0,39141,9876,78090,817
"Scioto County, Ohio",0500000US39145,36859,91700,2743,76016,1145,493,0,0,39145,7264,79506,817
"Stark County, Ohio",0500000US39151,42664,123700,34113,342055,2735,3630,0,0,39151,3055,375321,2013
"Summit County, Ohio",0500000US39153,45593,141700,85372,450417,5019,13198,0,0,39153,3175,541565,2703
"Trumbull County, Ohio",0500000US39155,40153,101000,19841,189920,1165,1369,0,0,39155,4569,209936,526
"Tuscarawas County, Ohio",0500000US39157,38882,111600,1480,90796,0,408,0,0,39157,6023,92542,0
"Warren County, Ohio",0500000US39165,66499,186800,8161,195754,1186,9684,0,0,39165,5536,213192,805
"Wayne County, Ohio",0500000US39169,46288,139000,2053,111364,715,1530,0,0,39169,4291,114505,265
"Wood County, Ohio",0500000US39173,47485,149500,4101,118358,386,2603,0,0,39173,7924,125502,2581
"Canadian County, Oklahoma",0500000US40017,56072,135600,3500,101504,9239,4607,0,0,40017,4659,116237,3413
"Cleveland County, Oklahoma",0500000US40027,50967,135100,14917,221427,20851,11764,0,353,40027,4616,256895,6435
"Comanche County, Oklahoma",0500000US40031,43817,114200,25487,89586,11826,4619,0,986,40031,6215,125368,4059
"Creek County, Oklahoma",0500000US40037,40640,108700,2316,63211,11356,0,0,0,40037,5767,70133,1149
"Muskogee County, Oklahoma",0500000US40101,39910,90100,9332,53689,17120,413,0,0,40101,7506,71110,0
"Oklahoma County, Oklahoma",0500000US40109,42564,124100,125399,528473,56549,25620,0,1851,40109,3020,721178,34806
"Payne County, Oklahoma",0500000US40119,35488,137000,3844,68896,6747,3192,0,0,40119,11553,77448,0
"Pottawatomie County, Oklahoma",0500000US40125,36795,91700,2575,59556,13149,340,0,0,40125,10139,69608,400
"Rogers County, Oklahoma",0500000US40131,56176,145000,505,72841,18175,1197,0,0,40131,8644,86988,693
"Tulsa County, Oklahoma",0500000US40143,43836,135000,73929,472153,58637,17094,0,735,40143,3023,605418,22484
"Wagoner County, Oklahoma",0500000US40145,57884,136300,3174,63471,12465,310,0,0,40145,6345,73349,869
"Benton County, Oregon",0500000US41003,45913,255900,1124,79103,1412,5767,0,0,41003,15684,85575,552
"Clackamas County, Oregon",0500000US41005,57298,307400,5233,350271,6473,18494,0,2322,41005,9854,376891,8283
"Deschutes County, Oregon",0500000US41017,44680,260700,909,149505,2837,2457,0,622,41017,18197,157894,4969
"Douglas County, Oregon",0500000US41019,36510,172200,0,103892,4283,1584,0,0,41019,7149,107638,718
"Jackson County, Oregon",0500000US41029,40177,236200,2473,194559,5882,4477,0,1265,41029,10165,203462,4366
"Josephine County, Oregon",0500000US41033,36626,219200,595,79538,2458,1402,0,917,41033,17861,82807,982
"Klamath County, Oregon",0500000US41035,37660,163500,356,59547,4367,870,0,0,41035,8418,64723,1866
"Lane County, Oregon",0500000US41039,40276,229400,6058,328951,10534,12377,0,1418,41039,5800,351983,8474
"Linn County, Oregon",0500000US41043,42900,180600,1257,109371,3248,1818,0,0,41043,8731,116910,3820
"Marion County, Oregon",0500000US41047,44570,199300,6003,263063,10659,8990,0,3534,41047,5662,316096,38077
"Multnomah County, Oregon",0500000US41051,48043,275300,51598,598187,15753,60451,0,6275,41051,4865,737902,34502
"Polk County, Oregon",0500000US41053,48809,228300,1005,68324,2633,2118,0,808,41053,14143,75625,2755
"Umatilla County, Oregon",0500000US41059,44107,150700,1271,71558,2857,976,0,389,41059,9621,76079,2542
"Washington County, Oregon",0500000US41067,60489,288200,13667,426120,10533,55988,0,4753,41067,5502,531744,45696
"Yamhill County, Oregon",0500000US41071,50297,216200,1145,86879,2754,2374,0,720,41071,12894,99391,8463
"Adams County, Pennsylvania",0500000US42001,55652,203100,3135,96585,0,483,0,0,42001,8016,101485,2599
"Allegheny County, Pennsylvania",0500000US42003,47505,119000,176629,1019759,9760,39810,0,1371,42003,1993,1223583,6057
"Armstrong County, Pennsylvania",0500000US42005,43695,90200,999,67881,303,288,0,0,42005,6470,68839,0
"Beaver County, Pennsylvania",0500000US42007,43898,115700,13169,159032,1026,985,0,0,42007,4366,170567,759
"Berks County, Pennsylvania",0500000US42011,51759,175700,23259,354080,2229,6192,0,243,42011,5291,411850,34382
"Blair County, Pennsylvania",0500000US42013,42990,105400,2571,123546,789,922,0,0,42013,7008,127031,515
"Bucks County, Pennsylvania",0500000US42017,70999,308500,26825,569759,3245,27325,0,0,42017,5961,625472,7166
"Butler County, Pennsylvania",0500000US42019,54256,163600,2638,179665,593,2543,0,0,42019,4870,184059,672
"Cambria County, Pennsylvania",0500000US42021,41220,86200,6417,136478,284,1021,0,0,42021,2552,143498,662
"Carbon County, Pennsylvania",0500000US42025,50332,145000,963,63548,0,902,0,0,42025,13452,65220,0
"Centre County, Pennsylvania",0500000US42027,44746,192100,5383,139848,819,8981,0,0,42027,11906,154127,1592
"Chester County, Pennsylvania",0500000US42029,84284,330500,34807,444134,2526,21844,0,0,42029,5544,499797,5818
"Clearfield County, Pennsylvania",0500000US42033,36331,90800,3000,78896,0,530,0,0,42033,5408,81562,195
"Columbia County, Pennsylvania",0500000US42037,42086,132400,1243,65174,300,1079,0,0,42037,9412,67268,160
"Crawford County, Pennsylvania",0500000US42039,38321,102900,2115,86567,400,556,0,0,42039,5943,88657,310
"Cumberland County, Pennsylvania",0500000US42041,56209,177200,10619,217858,1039,8567,0,0,42041,5876,235861,3985
"Dauphin County, Pennsylvania",0500000US42043,52177,160600,53242,206131,1155,9742,0,1202,42043,3892,268220,4556
"Delaware County, Pennsylvania",0500000US42045,59125,243400,115911,417595,3208,29682,0,628,42045,7075,559276,4460
"Erie County, Pennsylvania",0500000US42049,42519,117500,23691,252807,1767,4323,0,0,42049,4438,280686,2963
"Fayette County, Pennsylvania",0500000US42051,35750,84200,8413,130017,580,0,0,0,42051,4187,136446,551
"Franklin County, Pennsylvania",0500000US42055,49514,182400,5997,142849,362,2277,0,0,42055,5957,149834,1745
"Indiana County, Pennsylvania",0500000US42063,41162,108000,2660,84929,452,892,0,0,42063,6910,88847,425
"Lackawanna County, Pennsylvania",0500000US42069,42185,144900,6659,202224,715,4435,0,0,42069,5042,214367,2823
"Lancaster County, Pennsylvania",0500000US42071,51740,187400,24779,476661,2684,11551,0,411,42071,4292,520156,13180
"Lawrence County, Pennsylvania",0500000US42073,38192,99500,4466,85946,332,0,0,0,42073,5535,90968,666
"Lebanon County, Pennsylvania",0500000US42075,51436,165300,3327,123341,614,1826,0,0,42075,5018,133688,7814
"Lehigh County, Pennsylvania",0500000US42077,51729,208900,27596,295886,3003,12160,0,0,42077,7018,350106,21088
"Luzerne County, Pennsylvania",0500000US42079,41898,118800,13085,300467,2165,4110,0,0,42079,4408,320795,5337
"Lycoming County, Pennsylvania",0500000US42081,41037,127000,6457,109695,533,850,0,0,42081,7988,116143,766
"Mercer County, Pennsylvania",0500000US42085,40398,98700,7830,108976,850,933,0,0,42085,6592,116558,251
"Monroe County, Pennsylvania",0500000US42089,54549,202300,26299,137778,805,4285,0,0,42089,9508,169896,3661
"Montgomery County, Pennsylvania",0500000US42091,75448,295300,77569,669396,4139,57287,0,445,42091,3611,801052,6466
"Northampton County, Pennsylvania",0500000US42095,56729,222200,20136,266475,1508,8546,0,0,42095,6983,298101,9287
"Northumberland County, Pennsylvania",0500000US42097,35394,100300,1823,91989,0,602,0,0,42097,7414,94366,842
"Philadelphia County, Pennsylvania",0500000US42101,34400,142800,694113,662156,12454,103565,0,2160,42101,3311,1528306,94672
"Schuylkill County, Pennsylvania",0500000US42107,40265,96700,5190,141396,733,934,0,0,42107,6224,148228,1227
"Somerset County, Pennsylvania",0500000US42111,39978,93300,1889,75701,1044,285,0,0,42111,3922,77626,434
"Washington County, Pennsylvania",0500000US42125,47615,140600,8948,197756,939,1688,0,0,42125,7592,207875,921
"Westmoreland County, Pennsylvania",0500000US42129,46361,135900,11365,352758,1270,3450,0,0,42129,4686,365012,1519
"York County, Pennsylvania",0500000US42133,56368,185500,27900,395770,2463,6776,0,745,42133,4367,435490,13943
"Kent County, Rhode Island",0500000US44003,53954,224800,3406,157880,1340,4247,0,0,44003,5498,166103,2139
"Newport County, Rhode Island",0500000US44005,75397,354600,3717,76604,1372,1973,0,0,44005,19926,82852,841
"Providence County, Rhode Island",0500000US44007,45915,233600,67435,476365,7568,26598,0,0,44007,3774,627070,71268
"Washington County, Rhode Island",0500000US44009,70161,342300,2242,120720,1557,2771,0,0,44009,13839,127008,1600
"Aiken County, South Carolina",0500000US45003,42377,130700,41426,114873,1363,1876,0,0,45003,7785,160565,3328
"Anderson County, South Carolina",0500000US45007,36770,113500,31990,153299,1145,1717,0,443,45007,6434,187269,1751
"Beaufort County, South Carolina",0500000US45013,56960,269700,32775,120275,1480,2728,0,0,45013,15614,162989,8583
"Berkeley County, South Carolina",0500000US45015,49427,149400,47790,123384,2061,5753,0,0,45015,7859,178783,5075
"Charleston County, South Carolina",0500000US45019,46324,242400,107071,234239,2862,5983,0,1513,45019,7348,351482,7782
"Darlington County, South Carolina",0500000US45031,32385,87100,28897,39977,402,0,0,0,45031,6688,68617,0
"Dorchester County, South Carolina",0500000US45035,50908,162900,38523,98858,2074,3047,0,0,45035,8330,137476,532
"Florence County, South Carolina",0500000US45041,38872,111900,59536,76821,1136,1851,0,0,45041,10281,137088,240
"Greenville County, South Carolina",0500000US45045,45185,155900,86837,355177,3210,11005,0,0,45045,4514,452859,8012
"Greenwood County, South Carolina",0500000US45047,30808,104900,21998,44863,0,0,0,0,45047,11725,69703,2447
"Horry County, South Carolina",0500000US45051,41568,161300,37923,218964,2778,3871,0,0,45051,5012,270430,10709
"Lancaster County, South Carolina",0500000US45057,35634,147000,19235,57083,264,486,0,0,45057,12273,76889,0
"Laurens County, South Carolina",0500000US45059,36265,73300,17045,48305,852,0,0,0,45059,7649,66500,1011
"Lexington County, South Carolina",0500000US45063,51594,140000,40291,220207,2177,5117,0,0,45063,4738,263406,2168
"Oconee County, South Carolina",0500000US45073,42848,129700,6217,67629,441,539,0,0,45073,14735,74359,0
"Orangeburg County, South Carolina",0500000US45075,31979,88100,58720,32664,768,236,0,0,45075,6624,92346,0
"Pickens County, South Carolina",0500000US45077,39280,126900,8534,108270,768,2465,0,0,45077,9355,119217,1357
"Richland County, South Carolina",0500000US45079,45925,145700,181286,192046,3060,10084,0,703,45079,3882,385745,7016
"Spartanburg County, South Carolina",0500000US45083,41850,128000,61331,215747,1670,6487,0,331,45083,5264,284713,5137
"Sumter County, South Carolina",0500000US45085,36457,107900,52429,54040,328,1595,0,0,45085,12147,107570,656
"York County, South Carolina",0500000US45091,50797,166600,45127,179687,3999,4291,0,0,45091,5788,226971,845
"Minnehaha County, South Dakota",0500000US46099,49243,151400,8009,152914,5406,3055,0,0,46099,5169,169987,3197
"Pennington County, South Dakota",0500000US46103,45704,152200,2109,89555,13048,724,0,0,46103,6396,101348,1629
"Anderson County, Tennessee",0500000US47001,48310,136600,4237,69966,604,964,0,0,47001,9602,75160,0
"Blount County, Tennessee",0500000US47009,40846,155300,5608,116174,929,1126,0,0,47009,6758,123119,0
"Bradley County, Tennessee",0500000US47011,36978,131700,4855,92271,524,1020,0,0,47011,11082,99078,836
"Davidson County, Tennessee",0500000US47037,43616,172500,180875,407088,5656,23327,0,0,47037,3433,628133,28908
"Greene County, Tennessee",0500000US47059,35196,104600,2271,66790,0,0,0,0,47059,11816,68797,0
"Hamilton County, Tennessee",0500000US47065,43935,152100,70983,255327,2922,6819,0,0,47065,5969,337294,5851
"Knox County, Tennessee",0500000US47093,43610,153400,43107,380323,3942,9633,0,0,47093,4615,433108,3370
"Madison County, Tennessee",0500000US47113,40438,113300,36849,60625,871,699,0,0,47113,7920,98395,0
"Maury County, Tennessee",0500000US47119,45435,134400,11320,70162,1101,0,0,0,47119,11514,81141,1259
"Montgomery County, Tennessee",0500000US47125,46703,142000,37222,132408,2806,5078,0,471,47125,7065,173307,2429
"Putnam County, Tennessee",0500000US47141,32983,131500,0,68899,0,2276,0,0,47141,12962,72564,1156
"Robertson County, Tennessee",0500000US47147,51687,146900,5675,60014,582,758,0,0,47147,5671,66469,0
"Rutherford County, Tennessee",0500000US47149,51489,154200,36194,214947,3046,9294,0,0,47149,5029,263740,3371
"Sevier County, Tennessee",0500000US47155,40402,155400,1488,87152,0,0,0,0,47155,12856,90072,1023
"Shelby County, Tennessee",0500000US47157,43990,136800,492835,392991,5929,24254,0,312,47157,3447,929030,27450
"Sullivan County, Tennessee",0500000US47163,34590,119000,4976,150812,1313,545,0,0,47163,5960,156794,1919
"Sumner County, Tennessee",0500000US47165,47110,174500,11439,147075,1496,2106,0,0,47165,9305,161250,1831
"Washington County, Tennessee",0500000US47179,42213,152200,6010,116670,571,1773,0,0,47179,8024,123338,0
"Williamson County, Tennessee",0500000US47187,80533,324500,8923,168042,872,7110,0,0,47187,14470,184035,2442
"Wilson County, Tennessee",0500000US47189,55343,188800,8669,104068,294,1589,0,0,47189,13825,114537,943
"Angelina County, Texas",0500000US48005,37775,84800,13391,69533,659,0,0,0,48005,7437,86953,4483
"Bastrop County, Texas",0500000US48021,49880,125700,7247,61313,1100,582,0,0,48021,10480,74403,4866
"Bell County, Texas",0500000US48027,50175,115200,73934,222709,4974,12923,0,2867,48027,5267,313000,11793
"Bexar County, Texas",0500000US48029,47921,125300,139839,1340491,23830,54626,0,4458,48029,2966,1723780,206621
"Bowie County, Texas",0500000US48037,43760,93900,26068,64711,1036,863,0,0,48037,5071,92723,1497
"Brazoria County, Texas",0500000US48039,64633,146700,41886,244758,3049,19115,0,0,48039,5845,314494,13342
"Brazos County, Texas",0500000US48041,35407,138800,23073,152511,1241,11292,0,0,48041,7095,195693,12225
"Cameron County, Texas",0500000US48061,31736,75400,2331,382018,783,3574,0,0,48061,3354,408054,22291
"Collin County, Texas",0500000US48085,77090,203700,72364,606118,10106,97621,0,1020,48085,4860,788407,26462
"Comal County, Texas",0500000US48091,62735,205300,2386,102774,1142,794,0,0,48091,17906,109382,4096
"Coryell County, Texas",0500000US48099,48794,95800,13356,58947,1416,2195,0,0,48099,6694,75645,1954
"Dallas County, Texas",0500000US48113,46860,129300,548749,1396900,30947,131732,0,4009,48113,2620,2377351,329259
"Denton County, Texas",0500000US48121,67892,179800,61608,551991,10512,50098,0,970,48121,5102,667053,19493
"Ector County, Texas",0500000US48135,42282,88000,8666,120064,2882,649,0,0,48135,6579,137145,9682
"Ellis County, Texas",0500000US48139,58063,135200,14178,127341,3930,2121,0,0,48139,4706,150462,6799
"El Paso County, Texas",0500000US48141,36015,108200,29182,644202,7705,11810,0,1582,48141,3011,804338,126972
"Fort Bend County, Texas",0500000US48157,76269,176100,132610,329135,3613,106304,0,796,48157,5215,590350,29457
"Galveston County, Texas",0500000US48167,58324,149500,43440,237131,1298,10131,0,0,48167,6454,292607,6722
"Grayson County, Texas",0500000US48181,45577,104600,7887,105308,2970,1466,0,0,48181,9276,121145,8210
"Gregg County, Texas",0500000US48183,40348,121200,25226,88293,1458,1635,0,0,48183,10611,121854,6128
"Guadalupe County, Texas",0500000US48187,59801,149500,10319,114129,657,3117,0,519,48187,9566,132431,7298
"Harris County, Texas",0500000US48201,50422,132500,798109,2621841,35144,278435,0,5383,48201,1618,4110771,443381
"Harrison County, Texas",0500000US48203,47801,115000,15148,49509,0,466,0,0,48203,11934,65766,916
"Hays County, Texas",0500000US48209,57332,178500,6322,127586,2087,2617,0,0,48209,8008,158312,23501
"Henderson County, Texas",0500000US48213,36570,94300,5631,71692,1078,0,0,0,48213,10360,78647,903
"Hidalgo County, Texas",0500000US48215,33732,80400,5267,682267,3716,9039,0,0,48215,2334,780087,86292
"Hunt County, Texas",0500000US48231,40218,97600,8401,72704,1203,353,0,0,48231,11307,86353,5320
"Jefferson County, Texas",0500000US48245,38553,93900,87238,144000,1760,9848,0,0,48245,3486,252390,16045
"Johnson County, Texas",0500000US48251,52275,107500,4363,142972,1764,1690,0,0,48251,7600,151211,3762
"Kaufman County, Texas",0500000US48257,57790,132200,12334,89664,340,1266,0,0,48257,10435,103927,2220
"Liberty County, Texas",0500000US48291,48608,86100,8762,62150,722,0,0,0,48291,8329,75868,4891
"Lubbock County, Texas",0500000US48303,42241,109300,23558,225861,2997,7349,0,0,48303,3931,280237,28516
"McLennan County, Texas",0500000US48309,39143,109000,37157,189572,1948,4028,0,0,48309,5568,236028,6687
"Midland County, Texas",0500000US48329,53170,151000,10130,119601,1104,1910,0,0,48329,11204,136975,6125
"Montgomery County, Texas",0500000US48339,65196,159800,15380,417316,12484,11868,0,0,48339,5658,459018,15831
"Nueces County, Texas",0500000US48355,41992,112700,15643,304120,4188,7092,0,0,48355,4660,340480,18533
"Orange County, Texas",0500000US48361,44763,81900,7422,72438,777,990,0,0,48361,8123,81930,1217
"Parker County, Texas",0500000US48367,54712,148700,3296,110068,0,0,0,0,48367,9189,117283,2923
"Potter County, Texas",0500000US48375,35003,84800,13167,99063,1978,5287,0,0,48375,9422,121446,5063
"Randall County, Texas",0500000US48381,58096,136200,2874,111875,2808,2464,0,459,48381,6961,121208,4972
"Rockwall County, Texas",0500000US48397,80209,198500,4001,70194,704,2456,0,1203,48397,9379,79003,1741
"San Patricio County, Texas",0500000US48409,45940,88200,1976,60462,306,787,0,0,48409,7687,64586,2193
"Smith County, Texas",0500000US48423,43209,118800,39747,164920,1386,3293,0,0,48423,5328,210512,4666
"Tarrant County, Texas",0500000US48439,52385,137100,286064,1286522,18663,96949,0,1786,48439,1924,1817658,173204
"Taylor County, Texas",0500000US48441,41704,98100,11343,115208,2189,2774,0,0,48441,5433,131896,6547
"Tom Green County, Texas",0500000US48451,38043,94400,5485,97921,773,1845,0,0,48451,8129,110679,6956
"Travis County, Texas",0500000US48453,51743,214100,95201,770400,11263,68633,0,2033,48453,6110,1030806,111977
"Victoria County, Texas",0500000US48469,48341,111100,6600,75143,2623,1066,0,0,48469,10506,86878,5804
"Walker County, Texas",0500000US48471,35806,131100,15721,49977,448,755,0,0,48471,21695,68185,2289
"Webb County, Texas",0500000US48479,35770,109900,380,236972,1082,2638,0,0,48479,5834,251632,12285
"Wichita County, Texas",0500000US48485,38689,86900,14653,110681,1874,3416,0,0,48485,3990,131685,3001
"Williamson County, Texas",0500000US48491,65140,175100,30224,368673,3955,25747,0,724,48491,4233,426645,12567
"Cache County, Utah",0500000US49005,46956,190200,901,104626,1251,2848,0,0,49005,5565,113417,5621
"Davis County, Utah",0500000US49011,64360,226200,5587,287416,3236,10300,0,707,49011,3661,307856,9345
"Salt Lake County, Utah",0500000US49035,56711,236200,21202,912745,15120,42437,0,22001,49035,3352,1033910,48860
"Utah County, Utah",0500000US49049,54275,224200,4672,484358,6556,10795,0,8026,49049,4230,520049,20015
"Washington County, Utah",0500000US49053,49058,217400,1091,131049,2174,1637,0,1685,49053,10414,138451,3018
"Weber County, Utah",0500000US49057,53569,179000,4422,204968,3039,4624,0,1188,49057,6677,232228,19782
"Chittenden County, Vermont",0500000US50007,55764,271800,4320,147995,1101,5482,0,0,50007,7321,156705,930
"Albemarle County, Virginia",0500000US51003,59499,337200,11104,83571,0,5120,0,0,51003,30528,99150,1133
"Arlington County, Virginia",0500000US51013,94986,587800,20412,154042,2116,23346,0,1251,51013,16935,209457,17946
"Augusta County, Virginia",0500000US51015,49903,201100,3957,69850,0,0,0,0,51015,13439,74192,0
"Bedford County, Virginia",0500000US51019,49002,194300,4019,63633,444,1058,0,0,51019,16223,68735,0
"Chesterfield County, Virginia",0500000US51041,69149,237400,73090,230623,3281,12523,0,0,51041,5024,317102,4505
"Fairfax County, Virginia",0500000US51059,103010,462000,109931,718072,11270,214440,0,3297,51059,6395,1086743,69300
"Fauquier County, Virginia",0500000US51061,85614,349400,6616,55823,0,958,0,0,51061,20895,62971,0
"Frederick County, Virginia",0500000US51069,63331,240900,4344,73718,0,1175,0,0,51069,19726,78511,0
"Hanover County, Virginia",0500000US51085,71891,275000,9966,86698,604,1771,0,0,51085,8752,99948,2516
"Henrico County, Virginia",0500000US51087,59202,228400,95324,191484,2456,22163,0,0,51087,5590,307435,2529
"James City County, Virginia",0500000US51095,74706,347300,9457,55556,665,1931,0,0,51095,16565,67237,433
"Loudoun County, Virginia",0500000US51107,119540,447100,26080,230231,2115,53531,0,2851,51107,12816,315134,17947
"Montgomery County, Virginia",0500000US51121,40685,188200,4446,84336,0,6236,0,0,51121,20504,94531,0
"Prince William County, Virginia",0500000US51153,92655,316600,91226,257858,3489,37820,0,617,51153,7647,406110,36289
"Roanoke County, Virginia",0500000US51161,57212,209100,5209,84352,599,2765,0,0,51161,9271,92389,0
"Rockingham County, Virginia",0500000US51165,48243,194100,1802,73499,572,0,0,0,51165,12322,76413,0
"Spotsylvania County, Virginia",0500000US51177,72217,253400,20642,92647,0,4159,0,0,51177,13754,122853,6675
"Stafford County, Virginia",0500000US51179,94317,300100,24701,93039,1435,5186,0,0,51179,11530,129745,8446
"York County, Virginia",0500000US51199,79120,321200,9783,53146,620,3823,0,0,51199,12325,65467,868
"Alexandria city, Virginia",0500000US51510,77793,504200,32714,93516,1556,10506,0,0,51510,30239,140912,8393
"Chesapeake city, Virginia",0500000US51550,68955,262200,70404,144162,2385,9015,0,0,51550,9833,222986,2193
"Hampton city, Virginia",0500000US51650,51275,203700,71451,62010,1227,4328,0,0,51650,9741,137381,1762
"Lynchburg city, Virginia",0500000US51680,35156,145100,24341,50621,557,2283,0,0,51680,10843,75686,647
"Newport News city, Virginia",0500000US51700,50937,205100,75917,97842,3100,7235,0,2530,51700,6981,180712,4590
"Norfolk city, Virginia",0500000US51710,41613,216300,111097,122682,2504,10357,0,1340,51710,7773,243135,3071
"Portsmouth city, Virginia",0500000US51740,43674,185000,52543,40710,1329,1521,0,0,51740,9088,95696,1771
"Richmond city, Virginia",0500000US51760,39608,209200,106073,93716,3404,5892,0,0,51760,11647,204389,2354
"Roanoke city, Virginia",0500000US51770,37472,145800,29315,66312,727,2012,0,0,51770,6048,96967,736
"Suffolk city, Virginia",0500000US51800,69294,252400,39023,44880,464,1969,0,0,51800,14616,84906,0
"Virginia Beach city, Virginia",0500000US51810,64212,275100,94151,320903,4800,32954,0,2482,51810,5405,439172,6356
"Benton County, Washington",0500000US53005,59766,177500,3252,146517,3400,6364,0,0,53005,7018,176455,21144
"Chelan County, Washington",0500000US53007,46515,265300,396,67610,1449,1012,0,706,53007,22566,72735,3227
"Clallam County, Washington",0500000US53009,38841,239800,1071,64807,4976,1570,0,277,53009,11758,71515,1005
"Clark County, Washington",0500000US53011,54924,233000,12929,381619,8361,23228,0,5091,53011,4366,427044,13871
"Cowlitz County, Washington",0500000US53015,41054,194200,809,96295,4228,2897,0,0,53015,14477,102501,2627
"Franklin County, Washington",0500000US53021,51457,155100,2293,46461,1154,2549,0,0,53021,5231,79223,29097
"Grant County, Washington",0500000US53025,42337,171000,2647,67493,2490,1382,0,0,53025,18511,89744,18560
"Grays Harbor County, Washington",0500000US53027,40019,162200,1133,64233,4822,1516,0,312,53027,10009,72882,3791
"Island County, Washington",0500000US53029,54839,294000,2786,71115,2369,4715,0,732,53029,17337,78681,1241
"King County, Washington",0500000US53033,66174,385600,145991,1432553,40204,330812,0,23808,53033,4032,1937961,68545
"Kitsap County, Washington",0500000US53035,56303,268000,10352,221303,7480,18912,0,3355,53035,9744,251809,6480
"Lewis County, Washington",0500000US53041,38643,190500,787,71547,2421,1109,0,0,53041,15852,75487,3531
"Pierce County, Washington",0500000US53053,56510,252000,75372,647109,22158,67876,0,18471,53053,4446,795628,23691
"Skagit County, Washington",0500000US53057,55458,278600,1132,107039,3878,3072,0,897,53057,11705,117102,4584
"Snohomish County, Washington",0500000US53061,63188,307700,26759,601292,21591,77215,0,6800,53061,3857,715470,17728
"Spokane County, Washington",0500000US53063,47039,187000,14197,436604,13974,16887,0,1500,53063,5047,472147,7091
"Thurston County, Washington",0500000US53067,61011,250200,10936,223403,7640,17677,0,3478,53067,7131,253087,5178
"Whatcom County, Washington",0500000US53073,49938,284100,3228,182375,7687,10155,0,1143,53073,9518,201628,4864
"Yakima County, Washington",0500000US53077,40648,160300,3376,189065,13844,3753,0,823,53077,6624,244485,44485
"Berkeley County, West Virginia",0500000US54003,50724,173000,8645,95673,1047,1282,0,677,54003,9894,104641,1593
"Cabell County, West Virginia",0500000US54011,36153,104600,5769,90720,1425,1131,0,0,54011,9196,96378,0
"Harrison County, West Virginia",0500000US54033,40589,105700,1516,67382,1043,0,0,0,54033,13989,69233,0
"Kanawha County, West Virginia",0500000US54039,43474,98300,10781,181662,9414,2831,0,0,54039,5601,192976,498
"Monongalia County, West Virginia",0500000US54061,42028,151900,4587,89942,248,3465,0,0,54061,11067,96791,322
"Raleigh County, West Virginia",0500000US54081,37982,96600,7568,69869,0,889,0,0,54081,13563,78904,295
"Wood County, West Virginia",0500000US54107,39689,100700,1927,85076,337,621,0,0,54107,8366,86990,377
"Brown County, Wisconsin",0500000US55009,50743,159200,8414,229059,9129,7592,0,0,55009,3080,248506,3406
"Dane County, Wisconsin",0500000US55025,58661,231200,31227,433222,4831,26610,0,0,55025,3779,489309,6753
"Dodge County, Wisconsin",0500000US55027,50797,154600,2891,85269,955,708,0,0,55027,6818,88748,0
"Eau Claire County, Wisconsin",0500000US55035,42807,146900,1557,94188,791,3756,0,0,55035,7214,98928,0
"Fond du Lac County, Wisconsin",0500000US55039,49718,147700,1828,98455,1807,1329,0,0,55039,5910,101665,465
"Jefferson County, Wisconsin",0500000US55055,49611,185000,1235,80778,877,893,0,0,55055,6110,83693,1126
"Kenosha County, Wisconsin",0500000US55059,51887,170700,13542,146696,1594,3062,0,0,55059,4567,166671,5888
"La Crosse County, Wisconsin",0500000US55063,47085,151900,2795,107050,893,5283,0,113,55063,5765,114874,0
"Manitowoc County, Wisconsin",0500000US55071,47298,124600,0,77338,700,2163,0,0,55071,5852,81349,1088
"Marathon County, Wisconsin",0500000US55073,49356,142900,1299,125456,1217,7622,0,0,55073,4967,134104,1103
"Milwaukee County, Wisconsin",0500000US55079,40509,162500,267341,612805,18998,38198,0,1451,55079,1962,948944,50328
"Outagamie County, Wisconsin",0500000US55087,54498,159000,1205,166357,4098,7470,0,0,55087,4062,176912,1721
"Ozaukee County, Wisconsin",0500000US55089,72213,262400,1476,82987,586,2030,0,0,55089,10921,86365,201
"Portage County, Wisconsin",0500000US55097,48620,143100,0,66279,0,2456,0,0,55097,4675,70053,661
"Racine County, Wisconsin",0500000US55101,51377,177600,24107,159614,1626,3159,0,0,55101,5576,195510,12396
"Rock County, Wisconsin",0500000US55105,46758,137000,7082,150748,4360,2204,0,0,55105,5886,160310,2414
"St. Croix County, Wisconsin",0500000US55109,62386,216200,883,81725,1200,1488,0,0,55109,9229,84442,0
"Sheboygan County, Wisconsin",0500000US55117,49440,158000,2469,107562,827,5819,0,0,55117,4713,115472,746
"Walworth County, Wisconsin",0500000US55127,53388,205300,1449,97915,700,1103,0,0,55127,10718,102205,2358
"Washington County, Wisconsin",0500000US55131,60446,235300,1620,128482,652,1807,0,0,55131,7658,131971,715
"Waukesha County, Wisconsin",0500000US55133,70815,260500,6746,372132,2504,12638,0,610,55133,5572,389964,2870
"Winnebago County, Wisconsin",0500000US55139,48177,141200,3710,157270,1800,4561,0,0,55139,5320,167059,2296
"Wood County, Wisconsin",0500000US55141,43319,124000,0,71861,829,1981,0,0,55141,5597,74793,0
"Laramie County, Wyoming",0500000US56021,48784,178000,3604,81888,2059,0,0,0,56021,11273,92127,5976
"Natrona County, Wyoming",0500000US56025,51735,177000,994,72754,3167,420,0,0,56025,6757,75507,607
"Arecibo Municipio, Puerto Rico",0500000US72013,16539,102000,5960,83182,0,1256,0,0,72013,5927,96374,7885
"Bayamï¿½n Municipio, Puerto Rico",0500000US72021,23703,141500,67206,163939,2803,1187,0,0,72021,2880,207960,20763
"Caguas Municipio, Puerto Rico",0500000US72025,22062,142600,25484,118785,0,0,0,0,72025,5368,142749,17507
"Carolina Municipio, Puerto Rico",0500000US72031,28410,154100,28379,119898,758,2544,0,0,72031,3239,176633,29433
"Guaynabo Municipio, Puerto Rico",0500000US72061,31643,190500,9044,74921,318,0,0,0,72061,13256,97864,16430
"Mayagï¿½ez Municipio, Puerto Rico",0500000US72097,15381,92800,16017,57388,0,0,0,0,72097,5442,89028,28172
"Ponce Municipio, Puerto Rico",0500000US72113,16223,111200,30743,136603,0,0,0,0,72113,5071,166164,22048
"San Juan Municipio, Puerto Rico",0500000US72127,22905,168900,122979,290486,3989,6817,0,0,72127,3300,395074,29750
"Toa Alta Municipio, Puerto Rico",0500000US72135,25432,152100,37532,63171,1969,0,0,0,72135,7741,73954,5928
"Toa Baja Municipio, Puerto Rico",0500000US72137,23296,122500,32261,69251,0,0,0,0,72137,6736,89513,4958
"Trujillo Alto Municipio, Puerto Rico",0500000US72139,29120,162700,31751,67209,0,0,0,0,72139,4548,74754,2963
